-- phpMyAdmin SQL Dump
-- version 5.2.1
-- https://www.phpmyadmin.net/
--
-- Servidor: 127.0.0.1
-- Tiempo de generación: 20-04-2025 a las 22:17:12
-- Versión del servidor: 10.4.32-MariaDB
-- Versión de PHP: 8.2.12

SET SQL_MODE = "NO_AUTO_VALUE_ON_ZERO";
START TRANSACTION;
SET time_zone = "+00:00";


/*!40101 SET @OLD_CHARACTER_SET_CLIENT=@@CHARACTER_SET_CLIENT */;
/*!40101 SET @OLD_CHARACTER_SET_RESULTS=@@CHARACTER_SET_RESULTS */;
/*!40101 SET @OLD_COLLATION_CONNECTION=@@COLLATION_CONNECTION */;
/*!40101 SET NAMES utf8mb4 */;

--
-- Base de datos: `cochesplus`
--

CREATE DATABASE IF NOT EXISTS cochesplus_db;
USE cochesplus_db;

-- --------------------------------------------------------

--
-- Estructura de tabla para la tabla `cache`
--

CREATE TABLE `cache` (
  `key` varchar(255) NOT NULL,
  `value` mediumtext NOT NULL,
  `expiration` int(11) NOT NULL
) ENGINE=InnoDB DEFAULT CHARSET=utf8mb4 COLLATE=utf8mb4_unicode_ci;

-- --------------------------------------------------------

--
-- Estructura de tabla para la tabla `cache_locks`
--

CREATE TABLE `cache_locks` (
  `key` varchar(255) NOT NULL,
  `owner` varchar(255) NOT NULL,
  `expiration` int(11) NOT NULL
) ENGINE=InnoDB DEFAULT CHARSET=utf8mb4 COLLATE=utf8mb4_unicode_ci;

-- --------------------------------------------------------

--
-- Estructura de tabla para la tabla `categorias`
--

CREATE TABLE `categorias` (
  `id` bigint(20) UNSIGNED NOT NULL,
  `nombre` varchar(255) NOT NULL,
  `created_at` timestamp NULL DEFAULT NULL,
  `updated_at` timestamp NULL DEFAULT NULL
) ENGINE=InnoDB DEFAULT CHARSET=utf8mb4 COLLATE=utf8mb4_unicode_ci;

--
-- Volcado de datos para la tabla `categorias`
--

INSERT INTO `categorias` (`id`, `nombre`, `created_at`, `updated_at`) VALUES
(1, 'Sedán', '2025-04-20 18:16:44', '2025-04-20 18:16:44'),
(2, 'SUV', '2025-04-20 18:16:44', '2025-04-20 18:16:44'),
(3, 'Deportivo', '2025-04-20 18:16:44', '2025-04-20 18:16:44'),
(4, 'Hatchback', '2025-04-20 18:16:44', '2025-04-20 18:16:44'),
(5, 'Pickup', '2025-04-20 18:16:44', '2025-04-20 18:16:44'),
(6, 'Coupé', '2025-04-20 18:16:44', '2025-04-20 18:16:44'),
(7, 'Convertible', '2025-04-20 18:16:44', '2025-04-20 18:16:44'),
(8, 'Familiar', '2025-04-20 18:16:44', '2025-04-20 18:16:44'),
(9, 'Eléctrico', '2025-04-20 18:16:44', '2025-04-20 18:16:44'),
(10, 'Compacto', '2025-04-20 18:16:44', '2025-04-20 18:16:44'),
(11, 'Berlina', '2025-04-20 18:16:44', '2025-04-20 18:16:44'),
(12, 'Todoterreno', '2025-04-20 18:16:44', '2025-04-20 18:16:44'),
(13, 'Monovolumen', '2025-04-20 18:16:44', '2025-04-20 18:16:44'),
(14, 'Limousina', '2025-04-20 18:16:44', '2025-04-20 18:16:44'),
(15, 'Cabrio', '2025-04-20 18:16:44', '2025-04-20 18:16:44'),
(16, 'Roadster', '2025-04-20 18:16:44', '2025-04-20 18:16:44'),
(17, 'Camión', '2025-04-20 18:16:44', '2025-04-20 18:16:44'),
(18, 'Furgoneta', '2025-04-20 18:16:44', '2025-04-20 18:16:44'),
(19, 'Clásico', '2025-04-20 18:16:44', '2025-04-20 18:16:44'),
(20, 'Motocicleta', '2025-04-20 18:16:44', '2025-04-20 18:16:44');

-- --------------------------------------------------------

--
-- Estructura de tabla para la tabla `coches`
--

CREATE TABLE `coches` (
  `id` bigint(20) UNSIGNED NOT NULL,
  `id_usuario` bigint(20) UNSIGNED NOT NULL,
  `id_categoria` bigint(20) UNSIGNED NOT NULL,
  `id_marca` bigint(20) UNSIGNED NOT NULL,
  `id_modelo` bigint(20) UNSIGNED NOT NULL,
  `id_provincia` bigint(20) UNSIGNED NOT NULL,
  `anio` int(11) NOT NULL,
  `kilometraje` int(11) NOT NULL,
  `combustible` enum('Gasolina','Diesel','Híbrido','Eléctrico') NOT NULL,
  `transmision` enum('Manual','Automático') NOT NULL,
  `plazas` int(11) NOT NULL,
  `potencia` int(11) DEFAULT NULL,
  `color` varchar(255) DEFAULT NULL,
  `precio` decimal(10,2) NOT NULL,
  `descripcion` text DEFAULT NULL,
  `puertas` int(11) NOT NULL,
  `verificado` tinyint(1) NOT NULL DEFAULT 0,
  `vendido` tinyint(1) NOT NULL DEFAULT 0,
  `destacado` tinyint(1) NOT NULL DEFAULT 0,
  `fecha_publicacion` timestamp NOT NULL DEFAULT current_timestamp(),
  `created_at` timestamp NULL DEFAULT NULL,
  `updated_at` timestamp NULL DEFAULT NULL,
  `deleted_at` timestamp NULL DEFAULT NULL
) ENGINE=InnoDB DEFAULT CHARSET=utf8mb4 COLLATE=utf8mb4_unicode_ci;

-- --------------------------------------------------------

--
-- Estructura de tabla para la tabla `compras`
--

CREATE TABLE `compras` (
  `id` bigint(20) UNSIGNED NOT NULL,
  `id_coche` bigint(20) UNSIGNED NOT NULL,
  `id_comprador` bigint(20) UNSIGNED NOT NULL,
  `id_vendedor` bigint(20) UNSIGNED NOT NULL,
  `fecha_venta` timestamp NOT NULL DEFAULT current_timestamp(),
  `confirmacion_comprador` tinyint(1) NOT NULL DEFAULT 0,
  `confirmacion_vendedor` tinyint(1) NOT NULL DEFAULT 0,
  `created_at` timestamp NULL DEFAULT NULL,
  `updated_at` timestamp NULL DEFAULT NULL
) ENGINE=InnoDB DEFAULT CHARSET=utf8mb4 COLLATE=utf8mb4_unicode_ci;

-- --------------------------------------------------------

--
-- Estructura de tabla para la tabla `conversaciones`
--

CREATE TABLE `conversaciones` (
  `id` bigint(20) UNSIGNED NOT NULL,
  `id_coche` bigint(20) UNSIGNED NOT NULL,
  `id_comprador` bigint(20) UNSIGNED NOT NULL,
  `id_vendedor` bigint(20) UNSIGNED NOT NULL,
  `created_at` timestamp NULL DEFAULT NULL,
  `updated_at` timestamp NULL DEFAULT NULL
) ENGINE=InnoDB DEFAULT CHARSET=utf8mb4 COLLATE=utf8mb4_unicode_ci;

-- --------------------------------------------------------

--
-- Estructura de tabla para la tabla `documentos`
--

CREATE TABLE `documentos` (
  `id` bigint(20) UNSIGNED NOT NULL,
  `id_coche` bigint(20) UNSIGNED NOT NULL,
  `tipo` varchar(255) NOT NULL,
  `ruta` varchar(255) NOT NULL,
  `descripcion` text DEFAULT NULL,
  `created_at` timestamp NULL DEFAULT NULL,
  `updated_at` timestamp NULL DEFAULT NULL
) ENGINE=InnoDB DEFAULT CHARSET=utf8mb4 COLLATE=utf8mb4_unicode_ci;

-- --------------------------------------------------------

--
-- Estructura de tabla para la tabla `failed_jobs`
--

CREATE TABLE `failed_jobs` (
  `id` bigint(20) UNSIGNED NOT NULL,
  `uuid` varchar(255) NOT NULL,
  `connection` text NOT NULL,
  `queue` text NOT NULL,
  `payload` longtext NOT NULL,
  `exception` longtext NOT NULL,
  `failed_at` timestamp NOT NULL DEFAULT current_timestamp()
) ENGINE=InnoDB DEFAULT CHARSET=utf8mb4 COLLATE=utf8mb4_unicode_ci;

-- --------------------------------------------------------

--
-- Estructura de tabla para la tabla `faqs`
--

CREATE TABLE `faqs` (
  `id` bigint(20) UNSIGNED NOT NULL,
  `pregunta` text NOT NULL,
  `respuesta` text NOT NULL,
  `orden` int(11) NOT NULL DEFAULT 0,
  `activo` tinyint(1) NOT NULL DEFAULT 1,
  `created_at` timestamp NULL DEFAULT NULL,
  `updated_at` timestamp NULL DEFAULT NULL
) ENGINE=InnoDB DEFAULT CHARSET=utf8mb4 COLLATE=utf8mb4_unicode_ci;

--
-- Volcado de datos para la tabla `faqs`
--

INSERT INTO `faqs` (`id`, `pregunta`, `respuesta`, `orden`, `activo`, `created_at`, `updated_at`) VALUES
(1, '¿Cómo puedo vender mi coche?', 'Para vender tu coche, debes registrarte como vendedor y publicar un anuncio con toda la información y fotos de tu vehículo.', 1, 1, '2025-04-20 18:17:01', '2025-04-20 18:17:01'),
(2, '¿Cómo contacto con un vendedor?', 'Puedes contactar con un vendedor a través del sistema de mensajes internos disponible en cada anuncio de coche.', 2, 1, '2025-04-20 18:17:01', '2025-04-20 18:17:01'),
(3, '¿Cómo puedo verificar un coche?', 'Los coches son verificados por nuestro equipo tras revisar la documentación que sube el vendedor. Un coche verificado tendrá una insignia especial en su anuncio.', 3, 1, '2025-04-20 18:17:01', '2025-04-20 18:17:01'),
(4, '¿Puedo marcar un coche como favorito?', 'Sí, para guardar un coche como favorito solo tienes que hacer clic en el icono del corazón que aparece en cada anuncio. Podrás acceder a tus favoritos desde tu perfil.', 4, 1, '2025-04-20 18:17:01', '2025-04-20 18:17:01'),
(5, '¿Cómo puedo valorar a un vendedor?', 'Una vez realizada la compra, podrás valorar al vendedor desde la sección \"Mis compras\" en tu perfil. Solo se permite una valoración por transacción.', 5, 1, '2025-04-20 18:17:01', '2025-04-20 18:17:01');

-- --------------------------------------------------------

--
-- Estructura de tabla para la tabla `favoritos`
--

CREATE TABLE `favoritos` (
  `id` bigint(20) UNSIGNED NOT NULL,
  `id_comprador` bigint(20) UNSIGNED NOT NULL,
  `id_coche` bigint(20) UNSIGNED NOT NULL,
  `created_at` timestamp NULL DEFAULT NULL,
  `updated_at` timestamp NULL DEFAULT NULL
) ENGINE=InnoDB DEFAULT CHARSET=utf8mb4 COLLATE=utf8mb4_unicode_ci;

-- --------------------------------------------------------

--
-- Estructura de tabla para la tabla `imagenes`
--

CREATE TABLE `imagenes` (
  `id` bigint(20) UNSIGNED NOT NULL,
  `id_coche` bigint(20) UNSIGNED NOT NULL,
  `ruta` varchar(255) NOT NULL,
  `created_at` timestamp NULL DEFAULT NULL,
  `updated_at` timestamp NULL DEFAULT NULL
) ENGINE=InnoDB DEFAULT CHARSET=utf8mb4 COLLATE=utf8mb4_unicode_ci;

-- --------------------------------------------------------

--
-- Estructura de tabla para la tabla `jobs`
--

CREATE TABLE `jobs` (
  `id` bigint(20) UNSIGNED NOT NULL,
  `queue` varchar(255) NOT NULL,
  `payload` longtext NOT NULL,
  `attempts` tinyint(3) UNSIGNED NOT NULL,
  `reserved_at` int(10) UNSIGNED DEFAULT NULL,
  `available_at` int(10) UNSIGNED NOT NULL,
  `created_at` int(10) UNSIGNED NOT NULL
) ENGINE=InnoDB DEFAULT CHARSET=utf8mb4 COLLATE=utf8mb4_unicode_ci;

-- --------------------------------------------------------

--
-- Estructura de tabla para la tabla `job_batches`
--

CREATE TABLE `job_batches` (
  `id` varchar(255) NOT NULL,
  `name` varchar(255) NOT NULL,
  `total_jobs` int(11) NOT NULL,
  `pending_jobs` int(11) NOT NULL,
  `failed_jobs` int(11) NOT NULL,
  `failed_job_ids` longtext NOT NULL,
  `options` mediumtext DEFAULT NULL,
  `cancelled_at` int(11) DEFAULT NULL,
  `created_at` int(11) NOT NULL,
  `finished_at` int(11) DEFAULT NULL
) ENGINE=InnoDB DEFAULT CHARSET=utf8mb4 COLLATE=utf8mb4_unicode_ci;

-- --------------------------------------------------------

--
-- Estructura de tabla para la tabla `marcas`
--

CREATE TABLE `marcas` (
  `id` bigint(20) UNSIGNED NOT NULL,
  `nombre` varchar(255) NOT NULL,
  `created_at` timestamp NULL DEFAULT NULL,
  `updated_at` timestamp NULL DEFAULT NULL
) ENGINE=InnoDB DEFAULT CHARSET=utf8mb4 COLLATE=utf8mb4_unicode_ci;

--
-- Volcado de datos para la tabla `marcas`
--

INSERT INTO `marcas` (`id`, `nombre`, `created_at`, `updated_at`) VALUES
(1, 'Alfa Romeo', '2025-04-20 18:16:44', '2025-04-20 18:16:44'),
(2, 'Audi', '2025-04-20 18:16:44', '2025-04-20 18:16:44'),
(3, 'BMW', '2025-04-20 18:16:44', '2025-04-20 18:16:44'),
(4, 'Chevrolet', '2025-04-20 18:16:44', '2025-04-20 18:16:44'),
(5, 'Citroën', '2025-04-20 18:16:44', '2025-04-20 18:16:44'),
(6, 'Dacia', '2025-04-20 18:16:44', '2025-04-20 18:16:44'),
(7, 'Ferrari', '2025-04-20 18:16:44', '2025-04-20 18:16:44'),
(8, 'Fiat', '2025-04-20 18:16:44', '2025-04-20 18:16:44'),
(9, 'Ford', '2025-04-20 18:16:44', '2025-04-20 18:16:44'),
(10, 'Honda', '2025-04-20 18:16:44', '2025-04-20 18:16:44'),
(11, 'Hyundai', '2025-04-20 18:16:44', '2025-04-20 18:16:44'),
(12, 'Jaguar', '2025-04-20 18:16:44', '2025-04-20 18:16:44'),
(13, 'Jeep', '2025-04-20 18:16:44', '2025-04-20 18:16:44'),
(14, 'Kia', '2025-04-20 18:16:44', '2025-04-20 18:16:44'),
(15, 'Lamborghini', '2025-04-20 18:16:44', '2025-04-20 18:16:44'),
(16, 'Land Rover', '2025-04-20 18:16:44', '2025-04-20 18:16:44'),
(17, 'Lexus', '2025-04-20 18:16:44', '2025-04-20 18:16:44'),
(18, 'Mazda', '2025-04-20 18:16:44', '2025-04-20 18:16:44'),
(19, 'Mercedes-Benz', '2025-04-20 18:16:44', '2025-04-20 18:16:44'),
(20, 'Mini', '2025-04-20 18:16:44', '2025-04-20 18:16:44'),
(21, 'Nissan', '2025-04-20 18:16:44', '2025-04-20 18:16:44'),
(22, 'Opel', '2025-04-20 18:16:44', '2025-04-20 18:16:44'),
(23, 'Peugeot', '2025-04-20 18:16:44', '2025-04-20 18:16:44'),
(24, 'Porsche', '2025-04-20 18:16:44', '2025-04-20 18:16:44'),
(25, 'Renault', '2025-04-20 18:16:44', '2025-04-20 18:16:44'),
(26, 'Seat', '2025-04-20 18:16:44', '2025-04-20 18:16:44'),
(27, 'Skoda', '2025-04-20 18:16:44', '2025-04-20 18:16:44'),
(28, 'Tesla', '2025-04-20 18:16:44', '2025-04-20 18:16:44'),
(29, 'Toyota', '2025-04-20 18:16:44', '2025-04-20 18:16:44'),
(30, 'Volkswagen', '2025-04-20 18:16:44', '2025-04-20 18:16:44'),
(31, 'Volvo', '2025-04-20 18:16:44', '2025-04-20 18:16:44');

-- --------------------------------------------------------

--
-- Estructura de tabla para la tabla `mensajes`
--

CREATE TABLE `mensajes` (
  `id` bigint(20) UNSIGNED NOT NULL,
  `id_conversacion` bigint(20) UNSIGNED NOT NULL,
  `id_remitente` bigint(20) UNSIGNED NOT NULL,
  `contenido` text NOT NULL,
  `leido` tinyint(1) NOT NULL DEFAULT 0,
  `created_at` timestamp NULL DEFAULT NULL,
  `updated_at` timestamp NULL DEFAULT NULL
) ENGINE=InnoDB DEFAULT CHARSET=utf8mb4 COLLATE=utf8mb4_unicode_ci;

-- --------------------------------------------------------

--
-- Estructura de tabla para la tabla `migrations`
--

CREATE TABLE `migrations` (
  `id` int(10) UNSIGNED NOT NULL,
  `migration` varchar(255) NOT NULL,
  `batch` int(11) NOT NULL
) ENGINE=InnoDB DEFAULT CHARSET=utf8mb4 COLLATE=utf8mb4_unicode_ci;

--
-- Volcado de datos para la tabla `migrations`
--

INSERT INTO `migrations` (`id`, `migration`, `batch`) VALUES
(1, '0001_01_01_000000_create_users_table', 1),
(2, '0001_01_01_000001_create_cache_table', 1),
(3, '0001_01_01_000002_create_jobs_table', 1),
(4, '2024_05_20_000001_create_categorias_table', 1),
(5, '2024_05_20_000002_create_marcas_table', 1),
(6, '2024_05_20_000003_create_provincias_table', 1),
(7, '2024_05_20_000004_create_modelos_table', 1),
(8, '2024_05_20_000005_create_coches_table', 1),
(9, '2024_05_20_000006_create_imagenes_table', 1),
(10, '2024_05_20_000007_create_documentos_table', 1),
(11, '2024_05_20_000008_create_compras_table', 1),
(12, '2024_05_20_000009_create_valoraciones_table', 1),
(13, '2024_05_20_000010_create_favoritos_table', 1),
(14, '2024_05_20_000011_create_conversaciones_table', 1),
(15, '2024_05_20_000012_create_mensajes_table', 1),
(16, '2024_05_20_000014_create_faqs_table', 1),
(17, '2025_04_05_113604_create_permission_tables', 1),
(18, '2025_04_05_175020_create_personal_access_tokens_table', 1);

-- --------------------------------------------------------

--
-- Estructura de tabla para la tabla `modelos`
--

CREATE TABLE `modelos` (
  `id` bigint(20) UNSIGNED NOT NULL,
  `id_marca` bigint(20) UNSIGNED NOT NULL,
  `nombre` varchar(255) NOT NULL,
  `created_at` timestamp NULL DEFAULT NULL,
  `updated_at` timestamp NULL DEFAULT NULL
) ENGINE=InnoDB DEFAULT CHARSET=utf8mb4 COLLATE=utf8mb4_unicode_ci;

--
-- Volcado de datos para la tabla `modelos`
--

INSERT INTO `modelos` (`id`, `id_marca`, `nombre`, `created_at`, `updated_at`) VALUES
(1, 1, 'Modelo 1', '2025-04-20 18:16:45', '2025-04-20 18:16:45'),
(2, 1, 'Modelo 2', '2025-04-20 18:16:45', '2025-04-20 18:16:45'),
(3, 1, 'Modelo 3', '2025-04-20 18:16:45', '2025-04-20 18:16:45'),
(4, 1, 'Modelo 4', '2025-04-20 18:16:45', '2025-04-20 18:16:45'),
(5, 1, 'Modelo 5', '2025-04-20 18:16:45', '2025-04-20 18:16:45'),
(6, 2, 'TT', '2025-04-20 18:16:46', '2025-04-20 18:16:46'),
(7, 2, 'A4', '2025-04-20 18:16:46', '2025-04-20 18:16:46'),
(8, 2, 'S4', '2025-04-20 18:16:46', '2025-04-20 18:16:46'),
(9, 2, 'A6', '2025-04-20 18:16:46', '2025-04-20 18:16:46'),
(10, 2, 'RS 6', '2025-04-20 18:16:46', '2025-04-20 18:16:46'),
(11, 2, 'allroad', '2025-04-20 18:16:46', '2025-04-20 18:16:46'),
(12, 2, 'A8', '2025-04-20 18:16:46', '2025-04-20 18:16:46'),
(13, 2, 'RS 4', '2025-04-20 18:16:46', '2025-04-20 18:16:46'),
(14, 2, 'A3', '2025-04-20 18:16:46', '2025-04-20 18:16:46'),
(15, 2, 'S6', '2025-04-20 18:16:46', '2025-04-20 18:16:46'),
(16, 2, 'S8', '2025-04-20 18:16:46', '2025-04-20 18:16:46'),
(17, 2, 'Q7', '2025-04-20 18:16:46', '2025-04-20 18:16:46'),
(18, 2, 'A5', '2025-04-20 18:16:46', '2025-04-20 18:16:46'),
(19, 2, 'S5', '2025-04-20 18:16:46', '2025-04-20 18:16:46'),
(20, 2, 'R8', '2025-04-20 18:16:46', '2025-04-20 18:16:46'),
(21, 2, 'TTS', '2025-04-20 18:16:46', '2025-04-20 18:16:46'),
(22, 2, 'Q5', '2025-04-20 18:16:46', '2025-04-20 18:16:46'),
(23, 2, 'RS 5', '2025-04-20 18:16:46', '2025-04-20 18:16:46'),
(24, 2, 'A7', '2025-04-20 18:16:46', '2025-04-20 18:16:46'),
(25, 2, 'TT RS', '2025-04-20 18:16:46', '2025-04-20 18:16:46'),
(26, 2, 'Q3', '2025-04-20 18:16:46', '2025-04-20 18:16:46'),
(27, 2, 'SQ5', '2025-04-20 18:16:46', '2025-04-20 18:16:46'),
(28, 2, '90', '2025-04-20 18:16:46', '2025-04-20 18:16:46'),
(29, 2, '100', '2025-04-20 18:16:46', '2025-04-20 18:16:46'),
(30, 2, 'V8', '2025-04-20 18:16:46', '2025-04-20 18:16:46'),
(31, 2, 'Cabriolet', '2025-04-20 18:16:46', '2025-04-20 18:16:46'),
(32, 2, 'S3', '2025-04-20 18:16:46', '2025-04-20 18:16:46'),
(33, 2, 'S7', '2025-04-20 18:16:46', '2025-04-20 18:16:46'),
(34, 2, 'RS 7', '2025-04-20 18:16:46', '2025-04-20 18:16:46'),
(35, 2, 'A4 allroad', '2025-04-20 18:16:46', '2025-04-20 18:16:46'),
(36, 2, '5000', '2025-04-20 18:16:46', '2025-04-20 18:16:46'),
(37, 2, '4000', '2025-04-20 18:16:46', '2025-04-20 18:16:46'),
(38, 2, '80', '2025-04-20 18:16:46', '2025-04-20 18:16:46'),
(39, 2, '200', '2025-04-20 18:16:46', '2025-04-20 18:16:46'),
(40, 2, 'Coupe', '2025-04-20 18:16:46', '2025-04-20 18:16:46'),
(41, 2, 'RS 3', '2025-04-20 18:16:46', '2025-04-20 18:16:46'),
(42, 2, 'Q8', '2025-04-20 18:16:46', '2025-04-20 18:16:46'),
(43, 2, 'e-tron', '2025-04-20 18:16:46', '2025-04-20 18:16:46'),
(44, 2, 'A6 allroad', '2025-04-20 18:16:46', '2025-04-20 18:16:46'),
(45, 2, 'Q5 e', '2025-04-20 18:16:46', '2025-04-20 18:16:46'),
(46, 2, 'A8 e', '2025-04-20 18:16:46', '2025-04-20 18:16:46'),
(47, 2, 'SQ7', '2025-04-20 18:16:46', '2025-04-20 18:16:46'),
(48, 2, 'SQ8', '2025-04-20 18:16:46', '2025-04-20 18:16:46'),
(49, 2, 'RS Q8', '2025-04-20 18:16:46', '2025-04-20 18:16:46'),
(50, 2, 'e-tron Sportback', '2025-04-20 18:16:46', '2025-04-20 18:16:46'),
(51, 2, 'RS e-tron GT', '2025-04-20 18:16:46', '2025-04-20 18:16:46'),
(52, 2, 'Q4', '2025-04-20 18:16:46', '2025-04-20 18:16:46'),
(53, 2, 'A8 L', '2025-04-20 18:16:46', '2025-04-20 18:16:46'),
(54, 2, 'e-tron GT', '2025-04-20 18:16:46', '2025-04-20 18:16:46'),
(55, 2, 'A7 e', '2025-04-20 18:16:46', '2025-04-20 18:16:46'),
(56, 2, 'A8 L e', '2025-04-20 18:16:46', '2025-04-20 18:16:46'),
(57, 2, 'Q6', '2025-04-20 18:16:46', '2025-04-20 18:16:46'),
(58, 2, 'SQ6', '2025-04-20 18:16:46', '2025-04-20 18:16:46'),
(59, 2, 'RS 6 Avant', '2025-04-20 18:16:46', '2025-04-20 18:16:46'),
(60, 2, 'S e-tron GT', '2025-04-20 18:16:46', '2025-04-20 18:16:46'),
(61, 3, '128i', '2025-04-20 18:16:46', '2025-04-20 18:16:46'),
(62, 3, '135i', '2025-04-20 18:16:46', '2025-04-20 18:16:46'),
(63, 3, '328i', '2025-04-20 18:16:46', '2025-04-20 18:16:46'),
(64, 3, 'M3', '2025-04-20 18:16:46', '2025-04-20 18:16:46'),
(65, 3, '335i', '2025-04-20 18:16:46', '2025-04-20 18:16:46'),
(66, 3, '335is', '2025-04-20 18:16:46', '2025-04-20 18:16:46'),
(67, 3, '335d', '2025-04-20 18:16:46', '2025-04-20 18:16:46'),
(68, 3, 'X6', '2025-04-20 18:16:46', '2025-04-20 18:16:46'),
(69, 3, '528i', '2025-04-20 18:16:46', '2025-04-20 18:16:46'),
(70, 3, '535i', '2025-04-20 18:16:46', '2025-04-20 18:16:46'),
(71, 3, 'X5', '2025-04-20 18:16:46', '2025-04-20 18:16:46'),
(72, 3, '550i', '2025-04-20 18:16:46', '2025-04-20 18:16:46'),
(73, 3, 'X3', '2025-04-20 18:16:46', '2025-04-20 18:16:46'),
(74, 3, '740i', '2025-04-20 18:16:46', '2025-04-20 18:16:46'),
(75, 3, '740Li', '2025-04-20 18:16:46', '2025-04-20 18:16:46'),
(76, 3, '750i', '2025-04-20 18:16:46', '2025-04-20 18:16:46'),
(77, 3, '750Li', '2025-04-20 18:16:46', '2025-04-20 18:16:46'),
(78, 3, '760Li', '2025-04-20 18:16:46', '2025-04-20 18:16:46'),
(79, 3, 'Z4', '2025-04-20 18:16:46', '2025-04-20 18:16:46'),
(80, 3, '750xi', '2025-04-20 18:16:46', '2025-04-20 18:16:46'),
(81, 3, '750Lxi', '2025-04-20 18:16:46', '2025-04-20 18:16:46'),
(82, 3, 'M6', '2025-04-20 18:16:46', '2025-04-20 18:16:46'),
(83, 3, '528xi', '2025-04-20 18:16:46', '2025-04-20 18:16:46'),
(84, 3, '640i', '2025-04-20 18:16:46', '2025-04-20 18:16:46'),
(85, 3, '650i', '2025-04-20 18:16:46', '2025-04-20 18:16:46'),
(86, 3, '650xi', '2025-04-20 18:16:46', '2025-04-20 18:16:46'),
(87, 3, 'G 450 X', '2025-04-20 18:16:46', '2025-04-20 18:16:46'),
(88, 3, 'F 800 S', '2025-04-20 18:16:46', '2025-04-20 18:16:46'),
(89, 3, 'F 800 ST', '2025-04-20 18:16:46', '2025-04-20 18:16:46'),
(90, 3, 'F 800 GS', '2025-04-20 18:16:46', '2025-04-20 18:16:46'),
(91, 3, 'F 800 R', '2025-04-20 18:16:46', '2025-04-20 18:16:46'),
(92, 3, 'HP2', '2025-04-20 18:16:46', '2025-04-20 18:16:46'),
(93, 3, 'S 1000 RR', '2025-04-20 18:16:46', '2025-04-20 18:16:46'),
(94, 3, 'R 1200 GS', '2025-04-20 18:16:46', '2025-04-20 18:16:46'),
(95, 3, 'R 1200 R', '2025-04-20 18:16:46', '2025-04-20 18:16:46'),
(96, 3, 'R 1200 RT', '2025-04-20 18:16:46', '2025-04-20 18:16:46'),
(97, 3, 'K 1300 S', '2025-04-20 18:16:46', '2025-04-20 18:16:46'),
(98, 3, 'K 1300 GT', '2025-04-20 18:16:46', '2025-04-20 18:16:46'),
(99, 3, 'K 1300 R', '2025-04-20 18:16:46', '2025-04-20 18:16:46'),
(100, 3, 'F 650 GS', '2025-04-20 18:16:46', '2025-04-20 18:16:46'),
(101, 3, 'G 650 GS', '2025-04-20 18:16:46', '2025-04-20 18:16:46'),
(102, 3, 'R 900 RT', '2025-04-20 18:16:46', '2025-04-20 18:16:46'),
(103, 3, 'K 1600 GT', '2025-04-20 18:16:46', '2025-04-20 18:16:46'),
(104, 3, 'K 1600 GTL', '2025-04-20 18:16:46', '2025-04-20 18:16:46'),
(105, 3, 'F 700 GS', '2025-04-20 18:16:46', '2025-04-20 18:16:46'),
(106, 3, 'F 800 GT', '2025-04-20 18:16:46', '2025-04-20 18:16:46'),
(107, 3, 'C 600', '2025-04-20 18:16:46', '2025-04-20 18:16:46'),
(108, 3, 'C 650 GT', '2025-04-20 18:16:46', '2025-04-20 18:16:46'),
(109, 3, 'HP4', '2025-04-20 18:16:46', '2025-04-20 18:16:46'),
(110, 3, 'S 1000 R', '2025-04-20 18:16:46', '2025-04-20 18:16:46'),
(111, 3, 'R nineT', '2025-04-20 18:16:46', '2025-04-20 18:16:46'),
(112, 3, '1M', '2025-04-20 18:16:46', '2025-04-20 18:16:46'),
(113, 3, 'ActiveE', '2025-04-20 18:16:46', '2025-04-20 18:16:46'),
(114, 3, 'M5', '2025-04-20 18:16:46', '2025-04-20 18:16:46'),
(115, 3, '228i', '2025-04-20 18:16:46', '2025-04-20 18:16:46'),
(116, 3, 'M235i', '2025-04-20 18:16:46', '2025-04-20 18:16:46'),
(117, 3, '320i', '2025-04-20 18:16:46', '2025-04-20 18:16:46'),
(118, 3, '328d', '2025-04-20 18:16:46', '2025-04-20 18:16:46'),
(119, 3, 'i3', '2025-04-20 18:16:46', '2025-04-20 18:16:46'),
(120, 3, 'i8', '2025-04-20 18:16:46', '2025-04-20 18:16:46'),
(121, 3, 'ActiveHybrid 3', '2025-04-20 18:16:46', '2025-04-20 18:16:46'),
(122, 3, '428i', '2025-04-20 18:16:46', '2025-04-20 18:16:46'),
(123, 3, '435i', '2025-04-20 18:16:46', '2025-04-20 18:16:46'),
(124, 3, '535d', '2025-04-20 18:16:46', '2025-04-20 18:16:46'),
(125, 3, 'ActiveHybrid 5', '2025-04-20 18:16:46', '2025-04-20 18:16:46'),
(126, 3, 'X1', '2025-04-20 18:16:46', '2025-04-20 18:16:46'),
(127, 3, 'R 1150 GS', '2025-04-20 18:16:46', '2025-04-20 18:16:46'),
(128, 3, 'R 1200 S', '2025-04-20 18:16:46', '2025-04-20 18:16:46'),
(129, 3, 'R 1200 ST', '2025-04-20 18:16:46', '2025-04-20 18:16:46'),
(130, 3, 'K 1200 R', '2025-04-20 18:16:46', '2025-04-20 18:16:46'),
(131, 3, 'K 1200 S', '2025-04-20 18:16:46', '2025-04-20 18:16:46'),
(132, 3, 'K 1200 LT', '2025-04-20 18:16:46', '2025-04-20 18:16:46'),
(133, 3, 'K 1200 GT', '2025-04-20 18:16:46', '2025-04-20 18:16:46'),
(134, 3, 'R 1150 R', '2025-04-20 18:16:46', '2025-04-20 18:16:46'),
(135, 3, 'R 850 R', '2025-04-20 18:16:46', '2025-04-20 18:16:46'),
(136, 3, '535xi', '2025-04-20 18:16:46', '2025-04-20 18:16:46'),
(137, 3, '328xi', '2025-04-20 18:16:46', '2025-04-20 18:16:46'),
(138, 3, '335xi', '2025-04-20 18:16:46', '2025-04-20 18:16:46'),
(139, 3, '525i', '2025-04-20 18:16:46', '2025-04-20 18:16:46'),
(140, 3, '530i', '2025-04-20 18:16:46', '2025-04-20 18:16:46'),
(141, 3, '530xi', '2025-04-20 18:16:46', '2025-04-20 18:16:46'),
(142, 3, '525xi', '2025-04-20 18:16:46', '2025-04-20 18:16:46'),
(143, 3, '325Ci', '2025-04-20 18:16:46', '2025-04-20 18:16:46'),
(144, 3, '330Ci', '2025-04-20 18:16:46', '2025-04-20 18:16:46'),
(145, 3, '325i', '2025-04-20 18:16:46', '2025-04-20 18:16:46'),
(146, 3, '325xi', '2025-04-20 18:16:46', '2025-04-20 18:16:46'),
(147, 3, '330i', '2025-04-20 18:16:46', '2025-04-20 18:16:46'),
(148, 3, '330xi', '2025-04-20 18:16:46', '2025-04-20 18:16:46'),
(149, 3, '760i', '2025-04-20 18:16:46', '2025-04-20 18:16:46'),
(150, 3, '545i', '2025-04-20 18:16:46', '2025-04-20 18:16:46'),
(151, 3, '645Ci', '2025-04-20 18:16:46', '2025-04-20 18:16:46'),
(152, 3, '745i', '2025-04-20 18:16:46', '2025-04-20 18:16:46'),
(153, 3, '745Li', '2025-04-20 18:16:46', '2025-04-20 18:16:46'),
(154, 3, 'K 1100 RS', '2025-04-20 18:16:46', '2025-04-20 18:16:46'),
(155, 3, 'K75', '2025-04-20 18:16:46', '2025-04-20 18:16:46'),
(156, 3, 'K75S', '2025-04-20 18:16:46', '2025-04-20 18:16:46'),
(157, 3, 'K75RT', '2025-04-20 18:16:46', '2025-04-20 18:16:46'),
(158, 3, 'K 1100 LT', '2025-04-20 18:16:46', '2025-04-20 18:16:46'),
(159, 3, 'R 100', '2025-04-20 18:16:46', '2025-04-20 18:16:46'),
(160, 3, 'R 100 R', '2025-04-20 18:16:46', '2025-04-20 18:16:46'),
(161, 3, 'R 100 RT', '2025-04-20 18:16:46', '2025-04-20 18:16:46'),
(162, 3, 'R 100 GS', '2025-04-20 18:16:46', '2025-04-20 18:16:46'),
(163, 3, 'R 1100 R', '2025-04-20 18:16:46', '2025-04-20 18:16:46'),
(164, 3, 'R 1100 RS', '2025-04-20 18:16:46', '2025-04-20 18:16:46'),
(165, 3, 'R 1100 GS', '2025-04-20 18:16:46', '2025-04-20 18:16:46'),
(166, 3, 'F 650', '2025-04-20 18:16:46', '2025-04-20 18:16:46'),
(167, 3, 'F 650 S', '2025-04-20 18:16:46', '2025-04-20 18:16:46'),
(168, 3, 'R 1100 RT', '2025-04-20 18:16:46', '2025-04-20 18:16:46'),
(169, 3, 'K 1200 RS', '2025-04-20 18:16:46', '2025-04-20 18:16:46'),
(170, 3, 'R 1200 C', '2025-04-20 18:16:46', '2025-04-20 18:16:46'),
(171, 3, 'F 650 CS', '2025-04-20 18:16:46', '2025-04-20 18:16:46'),
(172, 3, 'R 1100 S', '2025-04-20 18:16:46', '2025-04-20 18:16:46'),
(173, 3, 'R 1150 RS', '2025-04-20 18:16:46', '2025-04-20 18:16:46'),
(174, 3, 'R 1150 RT', '2025-04-20 18:16:46', '2025-04-20 18:16:46'),
(175, 3, 'R 1200 CL', '2025-04-20 18:16:46', '2025-04-20 18:16:46'),
(176, 3, '318i', '2025-04-20 18:16:46', '2025-04-20 18:16:46'),
(177, 3, '318iS', '2025-04-20 18:16:46', '2025-04-20 18:16:46'),
(178, 3, '318iC', '2025-04-20 18:16:46', '2025-04-20 18:16:46'),
(179, 3, '325iS', '2025-04-20 18:16:46', '2025-04-20 18:16:46'),
(180, 3, '325iC', '2025-04-20 18:16:46', '2025-04-20 18:16:46'),
(181, 3, '540i', '2025-04-20 18:16:46', '2025-04-20 18:16:46'),
(182, 3, '840Ci', '2025-04-20 18:16:46', '2025-04-20 18:16:46'),
(183, 3, '850Ci', '2025-04-20 18:16:46', '2025-04-20 18:16:46'),
(184, 3, '850CSi', '2025-04-20 18:16:46', '2025-04-20 18:16:46'),
(185, 3, '318ti', '2025-04-20 18:16:46', '2025-04-20 18:16:46'),
(186, 3, '328iC', '2025-04-20 18:16:46', '2025-04-20 18:16:46'),
(187, 3, '328iS', '2025-04-20 18:16:46', '2025-04-20 18:16:46'),
(188, 3, 'Z3', '2025-04-20 18:16:46', '2025-04-20 18:16:46'),
(189, 3, '323i', '2025-04-20 18:16:46', '2025-04-20 18:16:46'),
(190, 3, '323is', '2025-04-20 18:16:46', '2025-04-20 18:16:46'),
(191, 3, '323iC', '2025-04-20 18:16:46', '2025-04-20 18:16:46'),
(192, 3, 'Z8', '2025-04-20 18:16:46', '2025-04-20 18:16:46'),
(193, 3, '525iA', '2025-04-20 18:16:46', '2025-04-20 18:16:46'),
(194, 3, '530iA', '2025-04-20 18:16:46', '2025-04-20 18:16:46'),
(195, 3, '540iA', '2025-04-20 18:16:46', '2025-04-20 18:16:46'),
(196, 3, 'Alpina', '2025-04-20 18:16:46', '2025-04-20 18:16:46'),
(197, 3, '645i', '2025-04-20 18:16:46', '2025-04-20 18:16:46'),
(198, 3, 'X4', '2025-04-20 18:16:46', '2025-04-20 18:16:46'),
(199, 3, '335', '2025-04-20 18:16:46', '2025-04-20 18:16:46'),
(200, 3, '740iL', '2025-04-20 18:16:46', '2025-04-20 18:16:46'),
(201, 3, '750iL', '2025-04-20 18:16:46', '2025-04-20 18:16:46'),
(202, 3, 'M3Ci', '2025-04-20 18:16:46', '2025-04-20 18:16:46'),
(203, 3, 'M2', '2025-04-20 18:16:46', '2025-04-20 18:16:46'),
(204, 3, '340i', '2025-04-20 18:16:46', '2025-04-20 18:16:46'),
(205, 3, '330e', '2025-04-20 18:16:46', '2025-04-20 18:16:46'),
(206, 3, 'M4', '2025-04-20 18:16:46', '2025-04-20 18:16:46'),
(207, 3, 'S 1000 XR', '2025-04-20 18:16:46', '2025-04-20 18:16:46'),
(208, 3, 'R 1200 RS', '2025-04-20 18:16:46', '2025-04-20 18:16:46'),
(209, 3, 'C 650', '2025-04-20 18:16:46', '2025-04-20 18:16:46'),
(210, 3, '328Ci', '2025-04-20 18:16:46', '2025-04-20 18:16:46'),
(211, 3, 'R 100 GSPD', '2025-04-20 18:16:46', '2025-04-20 18:16:46'),
(212, 3, '735i', '2025-04-20 18:16:46', '2025-04-20 18:16:46'),
(213, 3, '735iL', '2025-04-20 18:16:46', '2025-04-20 18:16:46'),
(214, 3, '850i', '2025-04-20 18:16:46', '2025-04-20 18:16:46'),
(215, 3, '325ix', '2025-04-20 18:16:46', '2025-04-20 18:16:46'),
(216, 3, '325/325e', '2025-04-20 18:16:46', '2025-04-20 18:16:46'),
(217, 3, '635CSi', '2025-04-20 18:16:46', '2025-04-20 18:16:46'),
(218, 3, '535i/535is', '2025-04-20 18:16:46', '2025-04-20 18:16:46'),
(219, 3, 'L7', '2025-04-20 18:16:46', '2025-04-20 18:16:46'),
(220, 3, '524td', '2025-04-20 18:16:46', '2025-04-20 18:16:46'),
(221, 3, '528e', '2025-04-20 18:16:46', '2025-04-20 18:16:46'),
(222, 3, '325i/325is', '2025-04-20 18:16:46', '2025-04-20 18:16:46'),
(223, 3, '230i', '2025-04-20 18:16:46', '2025-04-20 18:16:46'),
(224, 3, 'M240i', '2025-04-20 18:16:46', '2025-04-20 18:16:46'),
(225, 3, '430i', '2025-04-20 18:16:46', '2025-04-20 18:16:46'),
(226, 3, '440i', '2025-04-20 18:16:46', '2025-04-20 18:16:46'),
(227, 3, 'B7', '2025-04-20 18:16:46', '2025-04-20 18:16:46'),
(228, 3, '740e', '2025-04-20 18:16:46', '2025-04-20 18:16:46'),
(229, 3, '750i / ALPINA B7', '2025-04-20 18:16:46', '2025-04-20 18:16:46'),
(230, 3, '533i', '2025-04-20 18:16:46', '2025-04-20 18:16:46'),
(231, 3, '633 csi', '2025-04-20 18:16:46', '2025-04-20 18:16:46'),
(232, 3, '733i', '2025-04-20 18:16:46', '2025-04-20 18:16:46'),
(233, 3, 'R 100 RS', '2025-04-20 18:16:46', '2025-04-20 18:16:46'),
(234, 3, 'K 100 LT', '2025-04-20 18:16:46', '2025-04-20 18:16:46'),
(235, 3, 'K 100 RS', '2025-04-20 18:16:46', '2025-04-20 18:16:46'),
(236, 3, 'K1', '2025-04-20 18:16:46', '2025-04-20 18:16:46'),
(237, 3, 'K100', '2025-04-20 18:16:46', '2025-04-20 18:16:46'),
(238, 3, 'K 100 RT', '2025-04-20 18:16:46', '2025-04-20 18:16:46'),
(239, 3, 'R 65', '2025-04-20 18:16:46', '2025-04-20 18:16:46'),
(240, 3, 'R 80', '2025-04-20 18:16:46', '2025-04-20 18:16:46'),
(241, 3, 'R 80 RT', '2025-04-20 18:16:46', '2025-04-20 18:16:46'),
(242, 3, 'R 80 GS', '2025-04-20 18:16:46', '2025-04-20 18:16:46'),
(243, 3, 'R 65 LS', '2025-04-20 18:16:46', '2025-04-20 18:16:46'),
(244, 3, 'R 80 ST', '2025-04-20 18:16:46', '2025-04-20 18:16:46'),
(245, 3, 'R 100 CS', '2025-04-20 18:16:46', '2025-04-20 18:16:46'),
(246, 3, '730i', '2025-04-20 18:16:46', '2025-04-20 18:16:46'),
(247, 3, '540d', '2025-04-20 18:16:46', '2025-04-20 18:16:46'),
(248, 3, '530e', '2025-04-20 18:16:46', '2025-04-20 18:16:46'),
(249, 3, 'M550i', '2025-04-20 18:16:46', '2025-04-20 18:16:46'),
(250, 3, 'M760i', '2025-04-20 18:16:46', '2025-04-20 18:16:46'),
(251, 3, '650i / ALPINA B6', '2025-04-20 18:16:46', '2025-04-20 18:16:46'),
(252, 3, '750Li / ALPINA B7', '2025-04-20 18:16:46', '2025-04-20 18:16:46'),
(253, 3, '750Lxi / ALPINA B7', '2025-04-20 18:16:46', '2025-04-20 18:16:46'),
(254, 3, '750xi / ALPINA B7', '2025-04-20 18:16:46', '2025-04-20 18:16:46'),
(255, 3, '750i / B7', '2025-04-20 18:16:46', '2025-04-20 18:16:46'),
(256, 3, '650i / B6', '2025-04-20 18:16:46', '2025-04-20 18:16:46'),
(257, 3, 'X2', '2025-04-20 18:16:46', '2025-04-20 18:16:46'),
(258, 3, '640xi', '2025-04-20 18:16:46', '2025-04-20 18:16:46'),
(259, 3, 'X7', '2025-04-20 18:16:46', '2025-04-20 18:16:46'),
(260, 3, 'M340i', '2025-04-20 18:16:46', '2025-04-20 18:16:46'),
(261, 3, '745e', '2025-04-20 18:16:46', '2025-04-20 18:16:46'),
(262, 3, '840i', '2025-04-20 18:16:46', '2025-04-20 18:16:46'),
(263, 3, 'M850i', '2025-04-20 18:16:46', '2025-04-20 18:16:46'),
(264, 3, 'M8', '2025-04-20 18:16:46', '2025-04-20 18:16:46'),
(265, 3, 'G 310 R', '2025-04-20 18:16:46', '2025-04-20 18:16:46'),
(266, 3, 'G 310 GS', '2025-04-20 18:16:46', '2025-04-20 18:16:46'),
(267, 3, 'C 400 GT', '2025-04-20 18:16:46', '2025-04-20 18:16:46'),
(268, 3, 'C 400 X', '2025-04-20 18:16:46', '2025-04-20 18:16:46'),
(269, 3, 'F 750 GS', '2025-04-20 18:16:46', '2025-04-20 18:16:46'),
(270, 3, 'F 850 GS', '2025-04-20 18:16:46', '2025-04-20 18:16:46'),
(271, 3, 'R 1250 GS', '2025-04-20 18:16:46', '2025-04-20 18:16:46'),
(272, 3, 'R 1250 RT', '2025-04-20 18:16:46', '2025-04-20 18:16:46'),
(273, 3, 'R 1250 R', '2025-04-20 18:16:46', '2025-04-20 18:16:46'),
(274, 3, 'R 1250 RS', '2025-04-20 18:16:46', '2025-04-20 18:16:46'),
(275, 3, 'K 1600 B', '2025-04-20 18:16:46', '2025-04-20 18:16:46'),
(276, 3, 'C Evolution', '2025-04-20 18:16:46', '2025-04-20 18:16:46'),
(277, 3, 'G 650', '2025-04-20 18:16:46', '2025-04-20 18:16:46'),
(278, 3, 'F 900', '2025-04-20 18:16:46', '2025-04-20 18:16:46'),
(279, 3, 'R 18 Classic', '2025-04-20 18:16:46', '2025-04-20 18:16:46'),
(280, 3, 'R 18', '2025-04-20 18:16:46', '2025-04-20 18:16:46'),
(281, 3, 'M440i', '2025-04-20 18:16:46', '2025-04-20 18:16:46'),
(282, 3, 'M760Li', '2025-04-20 18:16:46', '2025-04-20 18:16:46'),
(283, 3, '745Le', '2025-04-20 18:16:46', '2025-04-20 18:16:46'),
(284, 3, 'CE 04', '2025-04-20 18:16:46', '2025-04-20 18:16:46'),
(285, 3, 'M 1000', '2025-04-20 18:16:46', '2025-04-20 18:16:46'),
(286, 3, 'iX', '2025-04-20 18:16:46', '2025-04-20 18:16:46'),
(287, 3, 'i4', '2025-04-20 18:16:46', '2025-04-20 18:16:46'),
(288, 3, 'i7', '2025-04-20 18:16:46', '2025-04-20 18:16:46'),
(289, 3, 'XM', '2025-04-20 18:16:46', '2025-04-20 18:16:46'),
(290, 3, 'ActiveHybrid 7', '2025-04-20 18:16:46', '2025-04-20 18:16:46'),
(291, 3, 'ALPINA B8', '2025-04-20 18:16:46', '2025-04-20 18:16:46'),
(292, 3, '750e', '2025-04-20 18:16:46', '2025-04-20 18:16:46'),
(293, 3, 'i5', '2025-04-20 18:16:46', '2025-04-20 18:16:46'),
(294, 3, 'CE 02', '2025-04-20 18:16:46', '2025-04-20 18:16:46'),
(295, 3, 'R 18 Roctane', '2025-04-20 18:16:46', '2025-04-20 18:16:46'),
(296, 3, 'R 18 B', '2025-04-20 18:16:46', '2025-04-20 18:16:46'),
(297, 3, 'R 18 Transcontinental', '2025-04-20 18:16:46', '2025-04-20 18:16:46'),
(298, 3, 'F 900 GS', '2025-04-20 18:16:46', '2025-04-20 18:16:46'),
(299, 3, 'F 900 GS Adventure', '2025-04-20 18:16:46', '2025-04-20 18:16:46'),
(300, 3, 'F 900 R', '2025-04-20 18:16:46', '2025-04-20 18:16:46'),
(301, 3, 'F 900 XR', '2025-04-20 18:16:46', '2025-04-20 18:16:46'),
(302, 3, 'M 1000 XR', '2025-04-20 18:16:46', '2025-04-20 18:16:46'),
(303, 3, 'M 1000 R', '2025-04-20 18:16:46', '2025-04-20 18:16:46'),
(304, 3, 'M 1000 RR', '2025-04-20 18:16:46', '2025-04-20 18:16:46'),
(305, 3, 'R 1250 GS Adventure', '2025-04-20 18:16:46', '2025-04-20 18:16:46'),
(306, 3, 'R 1300 GS', '2025-04-20 18:16:46', '2025-04-20 18:16:46'),
(307, 3, 'R 12', '2025-04-20 18:16:46', '2025-04-20 18:16:46'),
(308, 3, 'R 12 nineT', '2025-04-20 18:16:46', '2025-04-20 18:16:46'),
(309, 3, '325/325eS', '2025-04-20 18:16:46', '2025-04-20 18:16:46'),
(310, 3, '550e', '2025-04-20 18:16:46', '2025-04-20 18:16:46'),
(311, 3, 'F 900 GS-P', '2025-04-20 18:16:46', '2025-04-20 18:16:46'),
(312, 3, 'R 1300 GS Adventure', '2025-04-20 18:16:46', '2025-04-20 18:16:46'),
(313, 3, '228', '2025-04-20 18:16:46', '2025-04-20 18:16:46'),
(314, 4, 'Aveo', '2025-04-20 18:16:47', '2025-04-20 18:16:47'),
(315, 4, 'Camaro', '2025-04-20 18:16:47', '2025-04-20 18:16:47'),
(316, 4, 'Caprice Police Vehicle', '2025-04-20 18:16:47', '2025-04-20 18:16:47'),
(317, 4, 'Corvette', '2025-04-20 18:16:47', '2025-04-20 18:16:47'),
(318, 4, 'Cruze', '2025-04-20 18:16:47', '2025-04-20 18:16:47'),
(319, 4, 'Impala', '2025-04-20 18:16:47', '2025-04-20 18:16:47'),
(320, 4, 'Malibu', '2025-04-20 18:16:47', '2025-04-20 18:16:47'),
(321, 4, 'Sonic', '2025-04-20 18:16:47', '2025-04-20 18:16:47'),
(322, 4, 'Spark', '2025-04-20 18:16:47', '2025-04-20 18:16:47'),
(323, 4, 'SS', '2025-04-20 18:16:47', '2025-04-20 18:16:47'),
(324, 4, 'Volt', '2025-04-20 18:16:47', '2025-04-20 18:16:47'),
(325, 4, 'Captiva Sport', '2025-04-20 18:16:47', '2025-04-20 18:16:47'),
(326, 4, 'Equinox', '2025-04-20 18:16:47', '2025-04-20 18:16:47'),
(327, 4, 'Express', '2025-04-20 18:16:47', '2025-04-20 18:16:47'),
(328, 4, 'Orlando', '2025-04-20 18:16:47', '2025-04-20 18:16:47'),
(329, 4, 'Silverado', '2025-04-20 18:16:47', '2025-04-20 18:16:47'),
(330, 4, 'Suburban', '2025-04-20 18:16:47', '2025-04-20 18:16:47'),
(331, 4, 'Tahoe', '2025-04-20 18:16:47', '2025-04-20 18:16:47'),
(332, 4, 'Traverse', '2025-04-20 18:16:47', '2025-04-20 18:16:47'),
(333, 4, 'Tracker', '2025-04-20 18:16:47', '2025-04-20 18:16:47'),
(334, 4, 'City Express', '2025-04-20 18:16:47', '2025-04-20 18:16:47'),
(335, 4, 'Geo Prizm', '2025-04-20 18:16:47', '2025-04-20 18:16:47'),
(336, 4, 'Avalanche', '2025-04-20 18:16:47', '2025-04-20 18:16:47'),
(337, 4, 'Matiz', '2025-04-20 18:16:47', '2025-04-20 18:16:47'),
(338, 4, 'Colorado', '2025-04-20 18:16:47', '2025-04-20 18:16:47'),
(339, 4, 'Cobalt', '2025-04-20 18:16:47', '2025-04-20 18:16:47'),
(340, 4, 'Optra', '2025-04-20 18:16:47', '2025-04-20 18:16:47'),
(341, 4, 'Kalos', '2025-04-20 18:16:47', '2025-04-20 18:16:47'),
(342, 4, 'Trailblazer', '2025-04-20 18:16:47', '2025-04-20 18:16:47'),
(343, 4, 'HHR', '2025-04-20 18:16:47', '2025-04-20 18:16:47'),
(344, 4, 'Uplander', '2025-04-20 18:16:47', '2025-04-20 18:16:47'),
(345, 4, 'W4', '2025-04-20 18:16:47', '2025-04-20 18:16:47'),
(346, 4, 'W5', '2025-04-20 18:16:47', '2025-04-20 18:16:47'),
(347, 4, 'Monte Carlo', '2025-04-20 18:16:47', '2025-04-20 18:16:47'),
(348, 4, 'SSR', '2025-04-20 18:16:47', '2025-04-20 18:16:47'),
(349, 4, 'Epica', '2025-04-20 18:16:47', '2025-04-20 18:16:47'),
(350, 4, 'Cavalier', '2025-04-20 18:16:47', '2025-04-20 18:16:47'),
(351, 4, 'U100', '2025-04-20 18:16:47', '2025-04-20 18:16:47'),
(352, 4, '3 ton', '2025-04-20 18:16:47', '2025-04-20 18:16:47'),
(353, 4, 'Astro Van', '2025-04-20 18:16:47', '2025-04-20 18:16:47'),
(354, 4, 'Venture', '2025-04-20 18:16:47', '2025-04-20 18:16:47'),
(355, 4, 'B7', '2025-04-20 18:16:47', '2025-04-20 18:16:47'),
(356, 4, 'Lumina', '2025-04-20 18:16:47', '2025-04-20 18:16:47'),
(357, 4, 'Alero', '2025-04-20 18:16:47', '2025-04-20 18:16:47'),
(358, 4, 'Caprice', '2025-04-20 18:16:47', '2025-04-20 18:16:47'),
(359, 4, 'Corsica', '2025-04-20 18:16:47', '2025-04-20 18:16:47'),
(360, 4, 'Beretta', '2025-04-20 18:16:47', '2025-04-20 18:16:47'),
(361, 4, 'Hearse/Limo', '2025-04-20 18:16:47', '2025-04-20 18:16:47'),
(362, 4, 'Metro', '2025-04-20 18:16:47', '2025-04-20 18:16:47'),
(363, 4, 'GMT-400', '2025-04-20 18:16:47', '2025-04-20 18:16:47'),
(364, 4, 'Military Truck', '2025-04-20 18:16:47', '2025-04-20 18:16:47'),
(365, 4, 'Forward Control', '2025-04-20 18:16:47', '2025-04-20 18:16:47'),
(366, 4, 'Trax', '2025-04-20 18:16:47', '2025-04-20 18:16:47'),
(367, 4, 'S-10 Pickup', '2025-04-20 18:16:47', '2025-04-20 18:16:47'),
(368, 4, 'C/K Pickup', '2025-04-20 18:16:47', '2025-04-20 18:16:47'),
(369, 4, 'P - Series', '2025-04-20 18:16:47', '2025-04-20 18:16:47'),
(370, 4, 'Lumina APV', '2025-04-20 18:16:47', '2025-04-20 18:16:47'),
(371, 4, 'Blazer', '2025-04-20 18:16:47', '2025-04-20 18:16:47'),
(372, 4, 'Impala Limited', '2025-04-20 18:16:47', '2025-04-20 18:16:47'),
(373, 4, 'Bolt EV', '2025-04-20 18:16:47', '2025-04-20 18:16:47'),
(374, 4, '3500HD', '2025-04-20 18:16:47', '2025-04-20 18:16:47'),
(375, 4, '5500HD', '2025-04-20 18:16:47', '2025-04-20 18:16:47'),
(376, 4, '3500 / 4500', '2025-04-20 18:16:47', '2025-04-20 18:16:47'),
(377, 4, '4500HD', '2025-04-20 18:16:47', '2025-04-20 18:16:47'),
(378, 4, '4500XD', '2025-04-20 18:16:47', '2025-04-20 18:16:47'),
(379, 4, '5500XD', '2025-04-20 18:16:47', '2025-04-20 18:16:47'),
(380, 4, 'T-Series', '2025-04-20 18:16:47', '2025-04-20 18:16:47'),
(381, 4, 'C4', '2025-04-20 18:16:47', '2025-04-20 18:16:47'),
(382, 4, 'C5', '2025-04-20 18:16:47', '2025-04-20 18:16:47'),
(383, 4, 'C6', '2025-04-20 18:16:47', '2025-04-20 18:16:47'),
(384, 4, 'C7', '2025-04-20 18:16:47', '2025-04-20 18:16:47'),
(385, 4, 'C8', '2025-04-20 18:16:47', '2025-04-20 18:16:47'),
(386, 4, 'W7', '2025-04-20 18:16:47', '2025-04-20 18:16:47'),
(387, 4, 'Hearse/Limo Commercial Chassis', '2025-04-20 18:16:47', '2025-04-20 18:16:47'),
(388, 4, 'W3', '2025-04-20 18:16:47', '2025-04-20 18:16:47'),
(389, 4, 'W6', '2025-04-20 18:16:47', '2025-04-20 18:16:47'),
(390, 4, 'D7', '2025-04-20 18:16:47', '2025-04-20 18:16:47'),
(391, 4, 'P6S', '2025-04-20 18:16:47', '2025-04-20 18:16:47'),
(392, 4, 'S-10 Blazer', '2025-04-20 18:16:47', '2025-04-20 18:16:47'),
(393, 4, 'P Truck Forward', '2025-04-20 18:16:47', '2025-04-20 18:16:47'),
(394, 4, 'Celebrity', '2025-04-20 18:16:47', '2025-04-20 18:16:47'),
(395, 4, 'Geo Spectrum', '2025-04-20 18:16:47', '2025-04-20 18:16:47'),
(396, 4, 'G-Series', '2025-04-20 18:16:47', '2025-04-20 18:16:47'),
(397, 4, 'Cutaway Chassis', '2025-04-20 18:16:47', '2025-04-20 18:16:47'),
(398, 4, 'Motorhome Chassis', '2025-04-20 18:16:47', '2025-04-20 18:16:47'),
(399, 4, 'Chevette', '2025-04-20 18:16:47', '2025-04-20 18:16:47'),
(400, 4, 'Hi-Cube', '2025-04-20 18:16:47', '2025-04-20 18:16:47'),
(401, 4, 'Cutaway Van', '2025-04-20 18:16:47', '2025-04-20 18:16:47'),
(402, 4, 'S7', '2025-04-20 18:16:47', '2025-04-20 18:16:47'),
(403, 4, 'Geo Sprint', '2025-04-20 18:16:47', '2025-04-20 18:16:47'),
(404, 4, 'Nova', '2025-04-20 18:16:47', '2025-04-20 18:16:47'),
(405, 4, 'S6', '2025-04-20 18:16:47', '2025-04-20 18:16:47'),
(406, 4, 'R Conventional', '2025-04-20 18:16:47', '2025-04-20 18:16:47'),
(407, 4, 'V Conventional', '2025-04-20 18:16:47', '2025-04-20 18:16:47'),
(408, 4, 'Citation', '2025-04-20 18:16:47', '2025-04-20 18:16:47'),
(409, 4, 'Bus Chassis', '2025-04-20 18:16:47', '2025-04-20 18:16:47'),
(410, 4, 'Heavy Conventional', '2025-04-20 18:16:47', '2025-04-20 18:16:47'),
(411, 4, 'Aluminum Tilt', '2025-04-20 18:16:47', '2025-04-20 18:16:47'),
(412, 4, 'El Camino', '2025-04-20 18:16:47', '2025-04-20 18:16:47'),
(413, 4, 'LUV', '2025-04-20 18:16:47', '2025-04-20 18:16:47'),
(414, 4, 'Malibu Classic', '2025-04-20 18:16:47', '2025-04-20 18:16:47'),
(415, 4, '3500', '2025-04-20 18:16:47', '2025-04-20 18:16:47'),
(416, 4, '4500', '2025-04-20 18:16:47', '2025-04-20 18:16:47'),
(417, 4, 'Bolt Incomplete', '2025-04-20 18:16:47', '2025-04-20 18:16:47'),
(418, 4, 'FTR / 6500XD', '2025-04-20 18:16:47', '2025-04-20 18:16:47'),
(419, 4, '6500XD', '2025-04-20 18:16:47', '2025-04-20 18:16:47'),
(420, 4, 'Silverado HD', '2025-04-20 18:16:47', '2025-04-20 18:16:47'),
(421, 4, 'Silverado LD', '2025-04-20 18:16:47', '2025-04-20 18:16:47'),
(422, 4, '7500XD', '2025-04-20 18:16:47', '2025-04-20 18:16:47'),
(423, 4, 'W3500/W4500', '2025-04-20 18:16:47', '2025-04-20 18:16:47'),
(424, 4, 'W5500/W5500 HD', '2025-04-20 18:16:47', '2025-04-20 18:16:47'),
(425, 4, 'Onix', '2025-04-20 18:16:47', '2025-04-20 18:16:47'),
(426, 4, 'Silverado LTD', '2025-04-20 18:16:47', '2025-04-20 18:16:47'),
(427, 4, 'Bolt EUV', '2025-04-20 18:16:47', '2025-04-20 18:16:47'),
(428, 4, '3500HG', '2025-04-20 18:16:47', '2025-04-20 18:16:47'),
(429, 4, '4500HG', '2025-04-20 18:16:47', '2025-04-20 18:16:47'),
(430, 4, '5500HG', '2025-04-20 18:16:47', '2025-04-20 18:16:47'),
(431, 4, '5500XG', '2025-04-20 18:16:47', '2025-04-20 18:16:47'),
(432, 4, 'Traverse Limited', '2025-04-20 18:16:47', '2025-04-20 18:16:47'),
(433, 4, 'Cruze Limited', '2025-04-20 18:16:47', '2025-04-20 18:16:47'),
(434, 4, 'Malibu Limited', '2025-04-20 18:16:47', '2025-04-20 18:16:47'),
(435, 4, 'BrightDrop 400', '2025-04-20 18:16:47', '2025-04-20 18:16:47'),
(436, 4, 'BrightDrop 600', '2025-04-20 18:16:47', '2025-04-20 18:16:47'),
(437, 4, 'BrightDrop 400, BrightDrop 600', '2025-04-20 18:16:47', '2025-04-20 18:16:47'),
(438, 4, 'Suburban HD', '2025-04-20 18:16:47', '2025-04-20 18:16:47'),
(439, 5, 'Modelo 1', '2025-04-20 18:16:48', '2025-04-20 18:16:48'),
(440, 5, 'Modelo 2', '2025-04-20 18:16:48', '2025-04-20 18:16:48'),
(441, 5, 'Modelo 3', '2025-04-20 18:16:48', '2025-04-20 18:16:48'),
(442, 5, 'Modelo 4', '2025-04-20 18:16:48', '2025-04-20 18:16:48'),
(443, 5, 'Modelo 5', '2025-04-20 18:16:48', '2025-04-20 18:16:48'),
(444, 6, 'Modelo 1', '2025-04-20 18:16:48', '2025-04-20 18:16:48'),
(445, 6, 'Modelo 2', '2025-04-20 18:16:48', '2025-04-20 18:16:48'),
(446, 6, 'Modelo 3', '2025-04-20 18:16:48', '2025-04-20 18:16:48'),
(447, 6, 'Modelo 4', '2025-04-20 18:16:48', '2025-04-20 18:16:48'),
(448, 6, 'Modelo 5', '2025-04-20 18:16:48', '2025-04-20 18:16:48'),
(449, 7, '612 Scaglietti', '2025-04-20 18:16:48', '2025-04-20 18:16:48'),
(450, 7, 'F430 Coupe', '2025-04-20 18:16:48', '2025-04-20 18:16:48'),
(451, 7, '599 GTB', '2025-04-20 18:16:48', '2025-04-20 18:16:48'),
(452, 7, 'F430 Spider', '2025-04-20 18:16:48', '2025-04-20 18:16:48'),
(453, 7, '599 GTB Fiorano', '2025-04-20 18:16:48', '2025-04-20 18:16:48'),
(454, 7, '430 Scuderia', '2025-04-20 18:16:48', '2025-04-20 18:16:48'),
(455, 7, 'F430', '2025-04-20 18:16:48', '2025-04-20 18:16:48'),
(456, 7, '430 Scuderia Spider', '2025-04-20 18:16:48', '2025-04-20 18:16:48'),
(457, 7, '360 Modena', '2025-04-20 18:16:48', '2025-04-20 18:16:48'),
(458, 7, '360 Spider', '2025-04-20 18:16:48', '2025-04-20 18:16:48'),
(459, 7, '575 M Maranello', '2025-04-20 18:16:48', '2025-04-20 18:16:48'),
(460, 7, '456 MGT', '2025-04-20 18:16:48', '2025-04-20 18:16:48'),
(461, 7, '456 MGTA', '2025-04-20 18:16:48', '2025-04-20 18:16:48'),
(462, 7, 'Enzo', '2025-04-20 18:16:48', '2025-04-20 18:16:48'),
(463, 7, 'F355', '2025-04-20 18:16:48', '2025-04-20 18:16:48'),
(464, 7, '550 Maranello', '2025-04-20 18:16:48', '2025-04-20 18:16:48'),
(465, 7, 'F12 Berlinetta', '2025-04-20 18:16:48', '2025-04-20 18:16:48'),
(466, 7, 'California T', '2025-04-20 18:16:48', '2025-04-20 18:16:48'),
(467, 7, 'FF', '2025-04-20 18:16:48', '2025-04-20 18:16:48'),
(468, 7, 'La Ferrari', '2025-04-20 18:16:48', '2025-04-20 18:16:48'),
(469, 7, '458 Italia', '2025-04-20 18:16:48', '2025-04-20 18:16:48'),
(470, 7, '458 Speciale', '2025-04-20 18:16:48', '2025-04-20 18:16:48'),
(471, 7, '458 Speciale Spider', '2025-04-20 18:16:48', '2025-04-20 18:16:48'),
(472, 7, '458 Spider', '2025-04-20 18:16:48', '2025-04-20 18:16:48'),
(473, 7, 'California', '2025-04-20 18:16:48', '2025-04-20 18:16:48'),
(474, 7, '599 GTO', '2025-04-20 18:16:48', '2025-04-20 18:16:48'),
(475, 7, '348 tb', '2025-04-20 18:16:48', '2025-04-20 18:16:48'),
(476, 7, '348 ts', '2025-04-20 18:16:48', '2025-04-20 18:16:48'),
(477, 7, '512 TR', '2025-04-20 18:16:48', '2025-04-20 18:16:48'),
(478, 7, '355 Berlinetta', '2025-04-20 18:16:48', '2025-04-20 18:16:48'),
(479, 7, '355 GTS', '2025-04-20 18:16:48', '2025-04-20 18:16:48'),
(480, 7, '348 Spider', '2025-04-20 18:16:48', '2025-04-20 18:16:48'),
(481, 7, '456 GT', '2025-04-20 18:16:48', '2025-04-20 18:16:48'),
(482, 7, '355 Spider', '2025-04-20 18:16:48', '2025-04-20 18:16:48'),
(483, 7, 'Mondial T', '2025-04-20 18:16:48', '2025-04-20 18:16:48'),
(484, 7, 'Testarossa', '2025-04-20 18:16:48', '2025-04-20 18:16:48'),
(485, 7, 'F40', '2025-04-20 18:16:48', '2025-04-20 18:16:48'),
(486, 7, '328 GTB', '2025-04-20 18:16:48', '2025-04-20 18:16:48'),
(487, 7, '328 GTS', '2025-04-20 18:16:48', '2025-04-20 18:16:48'),
(488, 7, '3.2 Mondial', '2025-04-20 18:16:48', '2025-04-20 18:16:48'),
(489, 7, '328', '2025-04-20 18:16:48', '2025-04-20 18:16:48'),
(490, 7, '308GTB Quattrovalvole', '2025-04-20 18:16:48', '2025-04-20 18:16:48'),
(491, 7, '308GTS Quattrovalvole', '2025-04-20 18:16:48', '2025-04-20 18:16:48'),
(492, 7, 'Mondial 8', '2025-04-20 18:16:48', '2025-04-20 18:16:48'),
(493, 7, '308 Convertible', '2025-04-20 18:16:48', '2025-04-20 18:16:48'),
(494, 7, '488 GTB', '2025-04-20 18:16:48', '2025-04-20 18:16:48'),
(495, 7, '488 GTS', '2025-04-20 18:16:48', '2025-04-20 18:16:48'),
(496, 7, 'F12 Special Series', '2025-04-20 18:16:48', '2025-04-20 18:16:48'),
(497, 7, 'F60 America', '2025-04-20 18:16:48', '2025-04-20 18:16:48'),
(498, 7, '308GTBi', '2025-04-20 18:16:48', '2025-04-20 18:16:48'),
(499, 7, '308GTSi', '2025-04-20 18:16:48', '2025-04-20 18:16:48'),
(500, 7, '308GTB', '2025-04-20 18:16:48', '2025-04-20 18:16:48'),
(501, 7, '308GTS', '2025-04-20 18:16:48', '2025-04-20 18:16:48'),
(502, 7, 'F12 tdf (Tour de France)', '2025-04-20 18:16:48', '2025-04-20 18:16:48'),
(503, 7, 'GTC4Lusso', '2025-04-20 18:16:48', '2025-04-20 18:16:48'),
(504, 7, '488 Spider', '2025-04-20 18:16:48', '2025-04-20 18:16:48'),
(505, 7, '812 Superfast', '2025-04-20 18:16:48', '2025-04-20 18:16:48'),
(506, 7, 'Portofino', '2025-04-20 18:16:48', '2025-04-20 18:16:48'),
(507, 7, '488 Pista', '2025-04-20 18:16:48', '2025-04-20 18:16:48'),
(508, 7, 'F8 Tributo', '2025-04-20 18:16:48', '2025-04-20 18:16:48'),
(509, 7, '812 GTS', '2025-04-20 18:16:48', '2025-04-20 18:16:48'),
(510, 7, 'F8 Spider', '2025-04-20 18:16:48', '2025-04-20 18:16:48'),
(511, 7, 'SF90 Stradale', '2025-04-20 18:16:48', '2025-04-20 18:16:48'),
(512, 7, 'Roma', '2025-04-20 18:16:48', '2025-04-20 18:16:48'),
(513, 7, 'F164BCB', '2025-04-20 18:16:48', '2025-04-20 18:16:48'),
(514, 7, '488 Pista Spider', '2025-04-20 18:16:48', '2025-04-20 18:16:48'),
(515, 7, 'Challenge Stradale', '2025-04-20 18:16:48', '2025-04-20 18:16:48'),
(516, 7, 'Portofino M', '2025-04-20 18:16:48', '2025-04-20 18:16:48'),
(517, 7, '812 Competizione', '2025-04-20 18:16:48', '2025-04-20 18:16:48'),
(518, 7, 'SF90 Spider', '2025-04-20 18:16:48', '2025-04-20 18:16:48'),
(519, 7, '550 Barchetta', '2025-04-20 18:16:48', '2025-04-20 18:16:48'),
(520, 7, 'F50', '2025-04-20 18:16:48', '2025-04-20 18:16:48'),
(521, 7, '296 GTB', '2025-04-20 18:16:48', '2025-04-20 18:16:48'),
(522, 7, 'Purosangue', '2025-04-20 18:16:48', '2025-04-20 18:16:48'),
(523, 7, 'Monza SP1/SP2', '2025-04-20 18:16:48', '2025-04-20 18:16:48'),
(524, 7, 'Daytona SP3', '2025-04-20 18:16:48', '2025-04-20 18:16:48'),
(525, 7, '812 Competizione A', '2025-04-20 18:16:48', '2025-04-20 18:16:48'),
(526, 7, '296 GTS', '2025-04-20 18:16:48', '2025-04-20 18:16:48'),
(527, 7, 'SF90 XX Stradale', '2025-04-20 18:16:48', '2025-04-20 18:16:48'),
(528, 7, 'SF90 XX Spider', '2025-04-20 18:16:48', '2025-04-20 18:16:48'),
(529, 7, 'Roma Spider', '2025-04-20 18:16:48', '2025-04-20 18:16:48'),
(530, 7, '12Cilindri', '2025-04-20 18:16:48', '2025-04-20 18:16:48'),
(531, 7, '12Cilindri Spider', '2025-04-20 18:16:48', '2025-04-20 18:16:48'),
(532, 8, '500L', '2025-04-20 18:16:49', '2025-04-20 18:16:49'),
(533, 8, '500', '2025-04-20 18:16:49', '2025-04-20 18:16:49'),
(534, 8, 'Freemont', '2025-04-20 18:16:49', '2025-04-20 18:16:49'),
(535, 8, '500X', '2025-04-20 18:16:49', '2025-04-20 18:16:49'),
(536, 8, '124 Spider', '2025-04-20 18:16:49', '2025-04-20 18:16:49'),
(537, 8, 'Spider 2000', '2025-04-20 18:16:49', '2025-04-20 18:16:49'),
(538, 8, 'X 1/9', '2025-04-20 18:16:49', '2025-04-20 18:16:49'),
(539, 8, 'Brava', '2025-04-20 18:16:49', '2025-04-20 18:16:49'),
(540, 8, 'Strada', '2025-04-20 18:16:49', '2025-04-20 18:16:49'),
(541, 8, 'Ducato', '2025-04-20 18:16:49', '2025-04-20 18:16:49'),
(542, 8, '500e', '2025-04-20 18:16:49', '2025-04-20 18:16:49'),
(543, 9, 'Crown Victoria', '2025-04-20 18:16:49', '2025-04-20 18:16:49'),
(544, 9, 'Focus', '2025-04-20 18:16:49', '2025-04-20 18:16:49'),
(545, 9, 'Fusion', '2025-04-20 18:16:49', '2025-04-20 18:16:49'),
(546, 9, 'Mustang', '2025-04-20 18:16:49', '2025-04-20 18:16:49'),
(547, 9, 'Taurus', '2025-04-20 18:16:49', '2025-04-20 18:16:49'),
(548, 9, 'E-150', '2025-04-20 18:16:49', '2025-04-20 18:16:49'),
(549, 9, 'Edge', '2025-04-20 18:16:49', '2025-04-20 18:16:49'),
(550, 9, 'Escape', '2025-04-20 18:16:49', '2025-04-20 18:16:49'),
(551, 9, 'Expedition', '2025-04-20 18:16:49', '2025-04-20 18:16:49'),
(552, 9, 'Explorer', '2025-04-20 18:16:49', '2025-04-20 18:16:49'),
(553, 9, 'F-150', '2025-04-20 18:16:49', '2025-04-20 18:16:49'),
(554, 9, 'Flex', '2025-04-20 18:16:49', '2025-04-20 18:16:49'),
(555, 9, 'Ranger', '2025-04-20 18:16:49', '2025-04-20 18:16:49'),
(556, 9, 'Explorer Sport Trac', '2025-04-20 18:16:49', '2025-04-20 18:16:49'),
(557, 9, 'F-250', '2025-04-20 18:16:49', '2025-04-20 18:16:49'),
(558, 9, 'F-350', '2025-04-20 18:16:49', '2025-04-20 18:16:49'),
(559, 9, 'F-450', '2025-04-20 18:16:49', '2025-04-20 18:16:49'),
(560, 9, 'F-550', '2025-04-20 18:16:49', '2025-04-20 18:16:49'),
(561, 9, 'F-650', '2025-04-20 18:16:49', '2025-04-20 18:16:49'),
(562, 9, 'F-750', '2025-04-20 18:16:49', '2025-04-20 18:16:49'),
(563, 9, 'Transit Connect', '2025-04-20 18:16:49', '2025-04-20 18:16:49'),
(564, 9, 'E-250', '2025-04-20 18:16:49', '2025-04-20 18:16:49'),
(565, 9, 'E-350', '2025-04-20 18:16:49', '2025-04-20 18:16:49'),
(566, 9, 'E-450', '2025-04-20 18:16:49', '2025-04-20 18:16:49'),
(567, 9, 'Expedition MAX', '2025-04-20 18:16:49', '2025-04-20 18:16:49'),
(568, 9, 'Thunderbird', '2025-04-20 18:16:49', '2025-04-20 18:16:49'),
(569, 9, 'GT', '2025-04-20 18:16:49', '2025-04-20 18:16:49'),
(570, 9, 'Five Hundred', '2025-04-20 18:16:49', '2025-04-20 18:16:49'),
(571, 9, 'Excursion', '2025-04-20 18:16:49', '2025-04-20 18:16:49'),
(572, 9, 'Freestyle', '2025-04-20 18:16:49', '2025-04-20 18:16:49'),
(573, 9, 'Freestar', '2025-04-20 18:16:49', '2025-04-20 18:16:49'),
(574, 9, 'Motorhome Chassis', '2025-04-20 18:16:49', '2025-04-20 18:16:49'),
(575, 9, 'Taurus X', '2025-04-20 18:16:49', '2025-04-20 18:16:49'),
(576, 9, 'Fiesta', '2025-04-20 18:16:49', '2025-04-20 18:16:49'),
(577, 9, 'Commercial Chassis', '2025-04-20 18:16:49', '2025-04-20 18:16:49'),
(578, 9, 'C-Max', '2025-04-20 18:16:49', '2025-04-20 18:16:49'),
(579, 9, 'Transit', '2025-04-20 18:16:49', '2025-04-20 18:16:49'),
(580, 9, 'Affordable Aluminum', '2025-04-20 18:16:49', '2025-04-20 18:16:49'),
(581, 9, 'Eagle Ford Tanks & Trailers LLC', '2025-04-20 18:16:49', '2025-04-20 18:16:49'),
(582, 9, 'Escort', '2025-04-20 18:16:49', '2025-04-20 18:16:49'),
(583, 9, 'ZX2', '2025-04-20 18:16:49', '2025-04-20 18:16:49'),
(584, 9, 'Windstar', '2025-04-20 18:16:49', '2025-04-20 18:16:49'),
(585, 9, 'E-550', '2025-04-20 18:16:49', '2025-04-20 18:16:49'),
(586, 9, 'B-750', '2025-04-20 18:16:49', '2025-04-20 18:16:49'),
(587, 9, 'F-800', '2025-04-20 18:16:49', '2025-04-20 18:16:49'),
(588, 9, 'Explorer Sport', '2025-04-20 18:16:49', '2025-04-20 18:16:49'),
(589, 9, 'Milford Welding & Manufacturing Inc.', '2025-04-20 18:16:49', '2025-04-20 18:16:49'),
(590, 9, 'Aspire', '2025-04-20 18:16:49', '2025-04-20 18:16:49'),
(591, 9, 'Probe', '2025-04-20 18:16:49', '2025-04-20 18:16:49'),
(592, 9, 'Contour', '2025-04-20 18:16:49', '2025-04-20 18:16:49'),
(593, 9, 'Bronco', '2025-04-20 18:16:49', '2025-04-20 18:16:49'),
(594, 9, 'Aerostar', '2025-04-20 18:16:49', '2025-04-20 18:16:49'),
(595, 9, 'F-150 Heritage', '2025-04-20 18:16:49', '2025-04-20 18:16:49'),
(596, 9, 'Waterford Tank and Fabrication, LTD', '2025-04-20 18:16:49', '2025-04-20 18:16:49'),
(597, 9, 'Milford Pipe & Supply', '2025-04-20 18:16:49', '2025-04-20 18:16:49'),
(598, 9, 'L8501', '2025-04-20 18:16:49', '2025-04-20 18:16:49'),
(599, 9, 'LT8501', '2025-04-20 18:16:49', '2025-04-20 18:16:49'),
(600, 9, 'L9501', '2025-04-20 18:16:49', '2025-04-20 18:16:49'),
(601, 9, 'LT9501', '2025-04-20 18:16:49', '2025-04-20 18:16:49'),
(602, 9, 'L8511', '2025-04-20 18:16:49', '2025-04-20 18:16:49'),
(603, 9, 'LT8511', '2025-04-20 18:16:49', '2025-04-20 18:16:49'),
(604, 9, 'L9511', '2025-04-20 18:16:49', '2025-04-20 18:16:49'),
(605, 9, 'LT9511', '2025-04-20 18:16:49', '2025-04-20 18:16:49'),
(606, 9, 'L8513', '2025-04-20 18:16:49', '2025-04-20 18:16:49'),
(607, 9, 'LT8513', '2025-04-20 18:16:49', '2025-04-20 18:16:49'),
(608, 9, 'L9513', '2025-04-20 18:16:49', '2025-04-20 18:16:49'),
(609, 9, 'LT9513', '2025-04-20 18:16:49', '2025-04-20 18:16:49'),
(610, 9, 'L9522', '2025-04-20 18:16:49', '2025-04-20 18:16:49'),
(611, 9, 'LT9522', '2025-04-20 18:16:49', '2025-04-20 18:16:49'),
(612, 9, 'A8513', '2025-04-20 18:16:49', '2025-04-20 18:16:49'),
(613, 9, 'AT8513', '2025-04-20 18:16:49', '2025-04-20 18:16:49'),
(614, 9, 'A9513', '2025-04-20 18:16:49', '2025-04-20 18:16:49'),
(615, 9, 'AT9513', '2025-04-20 18:16:49', '2025-04-20 18:16:49'),
(616, 9, 'A9522', '2025-04-20 18:16:49', '2025-04-20 18:16:49'),
(617, 9, 'AT9522', '2025-04-20 18:16:49', '2025-04-20 18:16:49'),
(618, 9, 'B800', '2025-04-20 18:16:49', '2025-04-20 18:16:49'),
(619, 9, 'F-Super Duty', '2025-04-20 18:16:49', '2025-04-20 18:16:49'),
(620, 9, 'F-700', '2025-04-20 18:16:49', '2025-04-20 18:16:49'),
(621, 9, 'P700', '2025-04-20 18:16:49', '2025-04-20 18:16:49'),
(622, 9, 'P800', '2025-04-20 18:16:49', '2025-04-20 18:16:49'),
(623, 9, 'FT900', '2025-04-20 18:16:49', '2025-04-20 18:16:49'),
(624, 9, 'L8000', '2025-04-20 18:16:49', '2025-04-20 18:16:49'),
(625, 9, 'L9000', '2025-04-20 18:16:49', '2025-04-20 18:16:49'),
(626, 9, 'LL9000', '2025-04-20 18:16:49', '2025-04-20 18:16:49'),
(627, 9, 'LLA9000', '2025-04-20 18:16:49', '2025-04-20 18:16:49'),
(628, 9, 'LLS9000', '2025-04-20 18:16:49', '2025-04-20 18:16:49'),
(629, 9, 'LS8000', '2025-04-20 18:16:49', '2025-04-20 18:16:49'),
(630, 9, 'LS9000', '2025-04-20 18:16:49', '2025-04-20 18:16:49'),
(631, 9, 'LT8000', '2025-04-20 18:16:49', '2025-04-20 18:16:49'),
(632, 9, 'LT9000', '2025-04-20 18:16:49', '2025-04-20 18:16:49'),
(633, 9, 'LTS8000', '2025-04-20 18:16:49', '2025-04-20 18:16:49'),
(634, 9, 'LTS9000', '2025-04-20 18:16:49', '2025-04-20 18:16:49'),
(635, 9, 'LTL9000', '2025-04-20 18:16:49', '2025-04-20 18:16:49'),
(636, 9, 'LTLA9000', '2025-04-20 18:16:49', '2025-04-20 18:16:49'),
(637, 9, 'LTLS9000', '2025-04-20 18:16:49', '2025-04-20 18:16:49'),
(638, 9, 'LA8000', '2025-04-20 18:16:49', '2025-04-20 18:16:49'),
(639, 9, 'LA9000', '2025-04-20 18:16:49', '2025-04-20 18:16:49'),
(640, 9, 'LTA9000', '2025-04-20 18:16:49', '2025-04-20 18:16:49'),
(641, 9, 'LN7000', '2025-04-20 18:16:49', '2025-04-20 18:16:49'),
(642, 9, 'LN8000', '2025-04-20 18:16:49', '2025-04-20 18:16:49'),
(643, 9, 'LN9000', '2025-04-20 18:16:49', '2025-04-20 18:16:49'),
(644, 9, 'LNT8000', '2025-04-20 18:16:49', '2025-04-20 18:16:49'),
(645, 9, 'LNT9000', '2025-04-20 18:16:49', '2025-04-20 18:16:49'),
(646, 9, 'CF8000', '2025-04-20 18:16:49', '2025-04-20 18:16:49'),
(647, 9, 'CFT8000', '2025-04-20 18:16:49', '2025-04-20 18:16:49'),
(648, 9, 'CF7000', '2025-04-20 18:16:49', '2025-04-20 18:16:49'),
(649, 9, 'Fords Trailer Sales', '2025-04-20 18:16:49', '2025-04-20 18:16:49'),
(650, 9, 'Festiva', '2025-04-20 18:16:49', '2025-04-20 18:16:49'),
(651, 9, 'Low Cab Forward', '2025-04-20 18:16:49', '2025-04-20 18:16:49'),
(652, 9, 'Tempo', '2025-04-20 18:16:49', '2025-04-20 18:16:49'),
(653, 9, 'B600', '2025-04-20 18:16:49', '2025-04-20 18:16:49'),
(654, 9, 'B700', '2025-04-20 18:16:49', '2025-04-20 18:16:49'),
(655, 9, 'F-600', '2025-04-20 18:16:49', '2025-04-20 18:16:49'),
(656, 9, 'Recreational Vehicle', '2025-04-20 18:16:49', '2025-04-20 18:16:49'),
(657, 9, 'F-590', '2025-04-20 18:16:49', '2025-04-20 18:16:49'),
(658, 9, 'P600', '2025-04-20 18:16:49', '2025-04-20 18:16:49'),
(659, 9, 'CL9000', '2025-04-20 18:16:49', '2025-04-20 18:16:49'),
(660, 9, 'CLT9000', '2025-04-20 18:16:49', '2025-04-20 18:16:49'),
(661, 9, 'Bronco II', '2025-04-20 18:16:49', '2025-04-20 18:16:49'),
(662, 9, 'FT800', '2025-04-20 18:16:49', '2025-04-20 18:16:49'),
(663, 9, 'CT8000', '2025-04-20 18:16:49', '2025-04-20 18:16:49'),
(664, 9, 'C800', '2025-04-20 18:16:49', '2025-04-20 18:16:49'),
(665, 9, 'C8000', '2025-04-20 18:16:49', '2025-04-20 18:16:49'),
(666, 9, 'Laser', '2025-04-20 18:16:49', '2025-04-20 18:16:49'),
(667, 9, 'LTD', '2025-04-20 18:16:49', '2025-04-20 18:16:49'),
(668, 9, 'Fairmont', '2025-04-20 18:16:49', '2025-04-20 18:16:49'),
(669, 9, 'Granada', '2025-04-20 18:16:49', '2025-04-20 18:16:49'),
(670, 9, 'Travel Park', '2025-04-20 18:16:49', '2025-04-20 18:16:49'),
(671, 9, '\'34', '2025-04-20 18:16:49', '2025-04-20 18:16:49'),
(672, 9, 'CF6000', '2025-04-20 18:16:49', '2025-04-20 18:16:49'),
(673, 9, '1500 Foldaway', '2025-04-20 18:16:49', '2025-04-20 18:16:49'),
(674, 9, 'B7000', '2025-04-20 18:16:49', '2025-04-20 18:16:49'),
(675, 9, 'C7000', '2025-04-20 18:16:49', '2025-04-20 18:16:49'),
(676, 9, 'F7000', '2025-04-20 18:16:49', '2025-04-20 18:16:49'),
(677, 9, 'F8000', '2025-04-20 18:16:49', '2025-04-20 18:16:49'),
(678, 9, 'FT8000', '2025-04-20 18:16:49', '2025-04-20 18:16:49'),
(679, 9, 'Courier', '2025-04-20 18:16:49', '2025-04-20 18:16:49'),
(680, 9, 'B6000', '2025-04-20 18:16:49', '2025-04-20 18:16:49'),
(681, 9, 'C600', '2025-04-20 18:16:49', '2025-04-20 18:16:49'),
(682, 9, 'C700', '2025-04-20 18:16:49', '2025-04-20 18:16:49'),
(683, 9, 'F6000', '2025-04-20 18:16:49', '2025-04-20 18:16:49'),
(684, 9, 'LN600', '2025-04-20 18:16:49', '2025-04-20 18:16:49'),
(685, 9, 'LN700', '2025-04-20 18:16:49', '2025-04-20 18:16:49'),
(686, 9, 'L800', '2025-04-20 18:16:49', '2025-04-20 18:16:49'),
(687, 9, 'LT800', '2025-04-20 18:16:49', '2025-04-20 18:16:49'),
(688, 9, 'LN800', '2025-04-20 18:16:49', '2025-04-20 18:16:49'),
(689, 9, 'LNT800', '2025-04-20 18:16:49', '2025-04-20 18:16:49'),
(690, 9, 'E-100', '2025-04-20 18:16:49', '2025-04-20 18:16:49'),
(691, 9, 'F-100', '2025-04-20 18:16:49', '2025-04-20 18:16:49'),
(692, 9, 'CT800', '2025-04-20 18:16:49', '2025-04-20 18:16:49'),
(693, 9, 'Swinford Mfg', '2025-04-20 18:16:49', '2025-04-20 18:16:49'),
(694, 9, 'Ecosport', '2025-04-20 18:16:49', '2025-04-20 18:16:49'),
(695, 9, 'CRANFORD RADIATOR INC.', '2025-04-20 18:16:49', '2025-04-20 18:16:49'),
(696, 9, 'Bradford Built', '2025-04-20 18:16:49', '2025-04-20 18:16:49'),
(697, 9, 'Malibu Sedan', '2025-04-20 18:16:49', '2025-04-20 18:16:49'),
(698, 9, 'Cordova Sedan', '2025-04-20 18:16:49', '2025-04-20 18:16:49'),
(699, 9, 'Classic Sedan', '2025-04-20 18:16:49', '2025-04-20 18:16:49'),
(700, 9, 'Bradford #1', '2025-04-20 18:16:49', '2025-04-20 18:16:49'),
(701, 9, 'Stafford\'s Trailers', '2025-04-20 18:16:49', '2025-04-20 18:16:49'),
(702, 9, 'Medford Steel', '2025-04-20 18:16:49', '2025-04-20 18:16:49'),
(703, 9, 'Expedition EL', '2025-04-20 18:16:49', '2025-04-20 18:16:49'),
(704, 9, 'Affordable Trailers', '2025-04-20 18:16:49', '2025-04-20 18:16:49'),
(705, 9, 'Bronco Sport', '2025-04-20 18:16:49', '2025-04-20 18:16:49'),
(706, 9, 'Mustang Mach-E', '2025-04-20 18:16:49', '2025-04-20 18:16:49'),
(707, 9, 'Maverick', '2025-04-20 18:16:49', '2025-04-20 18:16:49'),
(708, 9, 'GT MKII', '2025-04-20 18:16:49', '2025-04-20 18:16:49'),
(709, 9, 'Mustang GTD', '2025-04-20 18:16:49', '2025-04-20 18:16:49'),
(710, 9, 'Lyford Overland', '2025-04-20 18:16:49', '2025-04-20 18:16:49'),
(711, 10, 'Accord', '2025-04-20 18:16:50', '2025-04-20 18:16:50'),
(712, 10, 'Civic', '2025-04-20 18:16:50', '2025-04-20 18:16:50'),
(713, 10, 'Pilot', '2025-04-20 18:16:50', '2025-04-20 18:16:50'),
(714, 10, 'CR-V', '2025-04-20 18:16:50', '2025-04-20 18:16:50'),
(715, 10, 'Ridgeline', '2025-04-20 18:16:50', '2025-04-20 18:16:50'),
(716, 10, 'Element', '2025-04-20 18:16:50', '2025-04-20 18:16:50'),
(717, 10, 'Odyssey', '2025-04-20 18:16:50', '2025-04-20 18:16:50'),
(718, 10, 'Insight', '2025-04-20 18:16:50', '2025-04-20 18:16:50'),
(719, 10, 'FCX Clarity', '2025-04-20 18:16:50', '2025-04-20 18:16:50'),
(720, 10, 'Fit', '2025-04-20 18:16:50', '2025-04-20 18:16:50'),
(721, 10, 'CR-Z', '2025-04-20 18:16:50', '2025-04-20 18:16:50'),
(722, 10, 'S2000', '2025-04-20 18:16:50', '2025-04-20 18:16:50'),
(723, 10, 'PCX150', '2025-04-20 18:16:50', '2025-04-20 18:16:50'),
(724, 10, 'CB1100', '2025-04-20 18:16:50', '2025-04-20 18:16:50'),
(725, 10, 'CRF250', '2025-04-20 18:16:50', '2025-04-20 18:16:50'),
(726, 10, 'CTX1300', '2025-04-20 18:16:50', '2025-04-20 18:16:50'),
(727, 10, 'CTX700', '2025-04-20 18:16:50', '2025-04-20 18:16:50'),
(728, 10, 'GOLDWING', '2025-04-20 18:16:50', '2025-04-20 18:16:50'),
(729, 10, 'NC700X', '2025-04-20 18:16:50', '2025-04-20 18:16:50'),
(730, 10, 'METROPOLITAN', '2025-04-20 18:16:50', '2025-04-20 18:16:50'),
(731, 10, 'NPS50 (Ruckus)', '2025-04-20 18:16:50', '2025-04-20 18:16:50'),
(732, 10, 'ST1300PA', '2025-04-20 18:16:50', '2025-04-20 18:16:50'),
(733, 10, 'INTERCEPTOR', '2025-04-20 18:16:50', '2025-04-20 18:16:50'),
(734, 10, 'ST1300', '2025-04-20 18:16:50', '2025-04-20 18:16:50'),
(735, 10, 'Silverwing', '2025-04-20 18:16:50', '2025-04-20 18:16:50'),
(736, 10, 'CBR250', '2025-04-20 18:16:50', '2025-04-20 18:16:50'),
(737, 10, 'VFR1200F', '2025-04-20 18:16:50', '2025-04-20 18:16:50'),
(738, 10, 'NT700V', '2025-04-20 18:16:50', '2025-04-20 18:16:50'),
(739, 10, 'PCX125', '2025-04-20 18:16:50', '2025-04-20 18:16:50'),
(740, 10, 'SH150I', '2025-04-20 18:16:50', '2025-04-20 18:16:50'),
(741, 10, 'VTX1800F', '2025-04-20 18:16:50', '2025-04-20 18:16:50'),
(742, 10, 'CB250 (Nighthawk)', '2025-04-20 18:16:50', '2025-04-20 18:16:50'),
(743, 10, 'ELITE 80', '2025-04-20 18:16:50', '2025-04-20 18:16:50'),
(744, 10, 'Helix', '2025-04-20 18:16:50', '2025-04-20 18:16:50'),
(745, 10, 'VTX1300C', '2025-04-20 18:16:50', '2025-04-20 18:16:50'),
(746, 10, 'VTX1300R', '2025-04-20 18:16:50', '2025-04-20 18:16:50'),
(747, 10, 'VTX1300S', '2025-04-20 18:16:50', '2025-04-20 18:16:50'),
(748, 10, 'VTX1800C', '2025-04-20 18:16:50', '2025-04-20 18:16:50'),
(749, 10, 'Shadow VLX', '2025-04-20 18:16:50', '2025-04-20 18:16:50'),
(750, 10, 'ST1300P', '2025-04-20 18:16:50', '2025-04-20 18:16:50'),
(751, 10, 'CB600 (599)', '2025-04-20 18:16:50', '2025-04-20 18:16:50'),
(752, 10, 'NIGHTHAWK 750', '2025-04-20 18:16:50', '2025-04-20 18:16:50'),
(753, 10, 'CBR1100XX', '2025-04-20 18:16:50', '2025-04-20 18:16:50'),
(754, 10, 'CBR954RR', '2025-04-20 18:16:50', '2025-04-20 18:16:50'),
(755, 10, 'ST1100P', '2025-04-20 18:16:50', '2025-04-20 18:16:50'),
(756, 10, 'ST1100', '2025-04-20 18:16:50', '2025-04-20 18:16:50'),
(757, 10, 'ELITE 50', '2025-04-20 18:16:50', '2025-04-20 18:16:50'),
(758, 10, 'CBR900', '2025-04-20 18:16:50', '2025-04-20 18:16:50'),
(759, 10, 'Pacific Coast', '2025-04-20 18:16:50', '2025-04-20 18:16:50'),
(760, 10, 'VFR 750F', '2025-04-20 18:16:50', '2025-04-20 18:16:50'),
(761, 10, 'XR250L', '2025-04-20 18:16:50', '2025-04-20 18:16:50'),
(762, 10, 'Shadow 1100', '2025-04-20 18:16:50', '2025-04-20 18:16:50'),
(763, 10, 'Shadow', '2025-04-20 18:16:50', '2025-04-20 18:16:50');
INSERT INTO `modelos` (`id`, `id_marca`, `nombre`, `created_at`, `updated_at`) VALUES
(764, 10, 'CT70', '2025-04-20 18:16:50', '2025-04-20 18:16:50'),
(765, 10, 'RC 45', '2025-04-20 18:16:50', '2025-04-20 18:16:50'),
(766, 10, 'Hawk GT', '2025-04-20 18:16:50', '2025-04-20 18:16:50'),
(767, 10, 'CB-1', '2025-04-20 18:16:50', '2025-04-20 18:16:50'),
(768, 10, 'ELITE 250', '2025-04-20 18:16:50', '2025-04-20 18:16:50'),
(769, 10, 'Tourist Trophy', '2025-04-20 18:16:50', '2025-04-20 18:16:50'),
(770, 10, 'NS50F', '2025-04-20 18:16:50', '2025-04-20 18:16:50'),
(771, 10, 'NX250', '2025-04-20 18:16:50', '2025-04-20 18:16:50'),
(772, 10, 'NX125', '2025-04-20 18:16:50', '2025-04-20 18:16:50'),
(773, 10, 'SA50', '2025-04-20 18:16:50', '2025-04-20 18:16:50'),
(774, 10, 'SB50P', '2025-04-20 18:16:50', '2025-04-20 18:16:50'),
(775, 10, 'VFR750R (RC30)', '2025-04-20 18:16:50', '2025-04-20 18:16:50'),
(776, 10, 'VTR', '2025-04-20 18:16:50', '2025-04-20 18:16:50'),
(777, 10, 'XL600V', '2025-04-20 18:16:50', '2025-04-20 18:16:50'),
(778, 10, 'VT1100C', '2025-04-20 18:16:50', '2025-04-20 18:16:50'),
(779, 10, 'ELITE', '2025-04-20 18:16:50', '2025-04-20 18:16:50'),
(780, 10, 'TRANSALP', '2025-04-20 18:16:50', '2025-04-20 18:16:50'),
(781, 10, 'NX650', '2025-04-20 18:16:50', '2025-04-20 18:16:50'),
(782, 10, 'Prelude', '2025-04-20 18:16:50', '2025-04-20 18:16:50'),
(783, 10, 'Passport', '2025-04-20 18:16:50', '2025-04-20 18:16:50'),
(784, 10, 'Crosstour', '2025-04-20 18:16:50', '2025-04-20 18:16:50'),
(785, 10, 'HR-V', '2025-04-20 18:16:50', '2025-04-20 18:16:50'),
(786, 10, 'del Sol', '2025-04-20 18:16:50', '2025-04-20 18:16:50'),
(787, 10, 'CBR650', '2025-04-20 18:16:50', '2025-04-20 18:16:50'),
(788, 10, 'NC700XD', '2025-04-20 18:16:50', '2025-04-20 18:16:50'),
(789, 10, 'CB500', '2025-04-20 18:16:50', '2025-04-20 18:16:50'),
(790, 10, 'CRF50', '2025-04-20 18:16:50', '2025-04-20 18:16:50'),
(791, 10, 'XR400R', '2025-04-20 18:16:50', '2025-04-20 18:16:50'),
(792, 10, 'TRX700XX', '2025-04-20 18:16:50', '2025-04-20 18:16:50'),
(793, 10, 'TRX450ER', '2025-04-20 18:16:50', '2025-04-20 18:16:50'),
(794, 10, 'FourTrax', '2025-04-20 18:16:50', '2025-04-20 18:16:50'),
(795, 10, 'TRX400X', '2025-04-20 18:16:50', '2025-04-20 18:16:50'),
(796, 10, 'Sportrax', '2025-04-20 18:16:50', '2025-04-20 18:16:50'),
(797, 10, 'TRX450R', '2025-04-20 18:16:50', '2025-04-20 18:16:50'),
(798, 10, 'CRF70F', '2025-04-20 18:16:50', '2025-04-20 18:16:50'),
(799, 10, 'CRF100F', '2025-04-20 18:16:50', '2025-04-20 18:16:50'),
(800, 10, 'CR250', '2025-04-20 18:16:50', '2025-04-20 18:16:50'),
(801, 10, 'SA50P', '2025-04-20 18:16:50', '2025-04-20 18:16:50'),
(802, 10, 'CR125', '2025-04-20 18:16:50', '2025-04-20 18:16:50'),
(803, 10, 'XR250R', '2025-04-20 18:16:50', '2025-04-20 18:16:50'),
(804, 10, 'MUV700 (Big Red)', '2025-04-20 18:16:50', '2025-04-20 18:16:50'),
(805, 10, 'EV Plus', '2025-04-20 18:16:50', '2025-04-20 18:16:50'),
(806, 10, 'TRX90', '2025-04-20 18:16:50', '2025-04-20 18:16:50'),
(807, 10, 'XR600R', '2025-04-20 18:16:50', '2025-04-20 18:16:50'),
(808, 10, 'TRX200D', '2025-04-20 18:16:50', '2025-04-20 18:16:50'),
(809, 10, 'TRX200DN', '2025-04-20 18:16:50', '2025-04-20 18:16:50'),
(810, 10, 'TRX250', '2025-04-20 18:16:50', '2025-04-20 18:16:50'),
(811, 10, 'TRX300', '2025-04-20 18:16:50', '2025-04-20 18:16:50'),
(812, 10, 'TRX300EX', '2025-04-20 18:16:50', '2025-04-20 18:16:50'),
(813, 10, 'TRX300EXN', '2025-04-20 18:16:50', '2025-04-20 18:16:50'),
(814, 10, 'TRX300FW', '2025-04-20 18:16:50', '2025-04-20 18:16:50'),
(815, 10, 'TRX300FWN', '2025-04-20 18:16:50', '2025-04-20 18:16:50'),
(816, 10, 'TRX300N', '2025-04-20 18:16:50', '2025-04-20 18:16:50'),
(817, 10, 'TRX400FW', '2025-04-20 18:16:50', '2025-04-20 18:16:50'),
(818, 10, 'TRX400FWN', '2025-04-20 18:16:50', '2025-04-20 18:16:50'),
(819, 10, 'TRX450S', '2025-04-20 18:16:50', '2025-04-20 18:16:50'),
(820, 10, 'TRX450ES', '2025-04-20 18:16:50', '2025-04-20 18:16:50'),
(821, 10, 'TRX400EX', '2025-04-20 18:16:50', '2025-04-20 18:16:50'),
(822, 10, 'NC700XL (NC700X)', '2025-04-20 18:16:50', '2025-04-20 18:16:50'),
(823, 10, 'NC700XD (NC700X DCT)', '2025-04-20 18:16:50', '2025-04-20 18:16:50'),
(824, 10, 'NC700XDL (NC700X DCT)', '2025-04-20 18:16:50', '2025-04-20 18:16:50'),
(825, 10, 'CMX250 (Rebel)', '2025-04-20 18:16:50', '2025-04-20 18:16:50'),
(826, 10, 'NC700JD (NM4)', '2025-04-20 18:16:50', '2025-04-20 18:16:50'),
(827, 10, 'VT1300 (Stateline)', '2025-04-20 18:16:50', '2025-04-20 18:16:50'),
(828, 10, 'XR650', '2025-04-20 18:16:50', '2025-04-20 18:16:50'),
(829, 10, 'TRX420 (FourTrax Rancher)', '2025-04-20 18:16:50', '2025-04-20 18:16:50'),
(830, 10, 'TRX420', '2025-04-20 18:16:50', '2025-04-20 18:16:50'),
(831, 10, 'TRX500 (FourTrax Foreman)', '2025-04-20 18:16:50', '2025-04-20 18:16:50'),
(832, 10, 'TRX680 (Rincon)', '2025-04-20 18:16:50', '2025-04-20 18:16:50'),
(833, 10, 'TRX680 (FourTrax Rincon)', '2025-04-20 18:16:50', '2025-04-20 18:16:50'),
(834, 10, 'NCH50 (GIORNO)', '2025-04-20 18:16:50', '2025-04-20 18:16:50'),
(835, 10, 'NCH50 (METROPOLITAN)', '2025-04-20 18:16:50', '2025-04-20 18:16:50'),
(836, 10, 'NSS300 (FORZA)', '2025-04-20 18:16:50', '2025-04-20 18:16:50'),
(837, 10, 'NSS300A (FORZA)', '2025-04-20 18:16:50', '2025-04-20 18:16:50'),
(838, 10, 'CRF110', '2025-04-20 18:16:50', '2025-04-20 18:16:50'),
(839, 10, 'CRF125', '2025-04-20 18:16:50', '2025-04-20 18:16:50'),
(840, 10, 'NC750JD/NM4', '2025-04-20 18:16:50', '2025-04-20 18:16:50'),
(841, 10, 'MRT260/COTA 4RT260', '2025-04-20 18:16:50', '2025-04-20 18:16:50'),
(842, 10, 'CBR500', '2025-04-20 18:16:50', '2025-04-20 18:16:50'),
(843, 10, 'NC750X', '2025-04-20 18:16:50', '2025-04-20 18:16:50'),
(844, 10, 'CBR300', '2025-04-20 18:16:50', '2025-04-20 18:16:50'),
(845, 10, 'NC700XD/NC700X', '2025-04-20 18:16:50', '2025-04-20 18:16:50'),
(846, 10, 'NC700XDL/NC700X', '2025-04-20 18:16:50', '2025-04-20 18:16:50'),
(847, 10, 'TRX250X', '2025-04-20 18:16:50', '2025-04-20 18:16:50'),
(848, 10, 'TRX450R/TRX450ER', '2025-04-20 18:16:50', '2025-04-20 18:16:50'),
(849, 10, 'TRX250 (FourTrax Recon)', '2025-04-20 18:16:50', '2025-04-20 18:16:50'),
(850, 10, 'CBR125', '2025-04-20 18:16:50', '2025-04-20 18:16:50'),
(851, 10, 'MSX125 (Grom)', '2025-04-20 18:16:50', '2025-04-20 18:16:50'),
(852, 10, 'NC750SA', '2025-04-20 18:16:50', '2025-04-20 18:16:50'),
(853, 10, 'VFR800F', '2025-04-20 18:16:50', '2025-04-20 18:16:50'),
(854, 10, 'VFR800F (INTERCEPTOR)', '2025-04-20 18:16:50', '2025-04-20 18:16:50'),
(855, 10, 'VFR1200FD/VFR1200FA', '2025-04-20 18:16:50', '2025-04-20 18:16:50'),
(856, 10, 'ST1300A', '2025-04-20 18:16:50', '2025-04-20 18:16:50'),
(857, 10, 'VT1300 (Sabre)', '2025-04-20 18:16:50', '2025-04-20 18:16:50'),
(858, 10, 'CBR1000', '2025-04-20 18:16:50', '2025-04-20 18:16:50'),
(859, 10, 'VFR1200FA', '2025-04-20 18:16:50', '2025-04-20 18:16:50'),
(860, 10, 'VFR1200FD/VFR1200F', '2025-04-20 18:16:50', '2025-04-20 18:16:50'),
(861, 10, 'ST1300A/ST1300', '2025-04-20 18:16:50', '2025-04-20 18:16:50'),
(862, 10, 'CRF80F', '2025-04-20 18:16:50', '2025-04-20 18:16:50'),
(863, 10, 'NC700SA/NC700S', '2025-04-20 18:16:50', '2025-04-20 18:16:50'),
(864, 10, 'VFR1200FAD/VFR1200FD', '2025-04-20 18:16:50', '2025-04-20 18:16:50'),
(865, 10, 'CBF1000A', '2025-04-20 18:16:50', '2025-04-20 18:16:50'),
(866, 10, 'VT750 (Shadow Aero)', '2025-04-20 18:16:50', '2025-04-20 18:16:50'),
(867, 10, 'CBF600SA', '2025-04-20 18:16:50', '2025-04-20 18:16:50'),
(868, 10, 'VFR1200FAD', '2025-04-20 18:16:50', '2025-04-20 18:16:50'),
(869, 10, 'NT700VA/NT700V', '2025-04-20 18:16:50', '2025-04-20 18:16:50'),
(870, 10, 'MRT260/COTA 4RT/4RT 260', '2025-04-20 18:16:50', '2025-04-20 18:16:50'),
(871, 10, 'VT1300 (Fury)', '2025-04-20 18:16:50', '2025-04-20 18:16:50'),
(872, 10, 'VT750 (Shadow Phantom)', '2025-04-20 18:16:50', '2025-04-20 18:16:50'),
(873, 10, 'VT750', '2025-04-20 18:16:50', '2025-04-20 18:16:50'),
(874, 10, 'VT750 (Shadow Ace 750)', '2025-04-20 18:16:50', '2025-04-20 18:16:50'),
(875, 10, 'VT750 (Shadow)', '2025-04-20 18:16:50', '2025-04-20 18:16:50'),
(876, 10, 'VT1300', '2025-04-20 18:16:50', '2025-04-20 18:16:50'),
(877, 10, 'FSC600 (Silver Wing)', '2025-04-20 18:16:50', '2025-04-20 18:16:50'),
(878, 10, 'NHX110 (ELITE 110)', '2025-04-20 18:16:50', '2025-04-20 18:16:50'),
(879, 10, 'SH150D/SH150i', '2025-04-20 18:16:50', '2025-04-20 18:16:50'),
(880, 10, 'VT750 (Aero)', '2025-04-20 18:16:50', '2025-04-20 18:16:50'),
(881, 10, 'VT1300 (Interstate)', '2025-04-20 18:16:50', '2025-04-20 18:16:50'),
(882, 10, 'NSA700A/DN-01', '2025-04-20 18:16:50', '2025-04-20 18:16:50'),
(883, 10, 'VFR800 (INTERCEPTOR)', '2025-04-20 18:16:50', '2025-04-20 18:16:50'),
(884, 10, 'VFR800A (INTERCEPTOR)', '2025-04-20 18:16:50', '2025-04-20 18:16:50'),
(885, 10, 'XL1000V (VARADERO)', '2025-04-20 18:16:50', '2025-04-20 18:16:50'),
(886, 10, 'CRF150', '2025-04-20 18:16:50', '2025-04-20 18:16:50'),
(887, 10, 'TRX300X', '2025-04-20 18:16:50', '2025-04-20 18:16:50'),
(888, 10, 'TRX450ERB', '2025-04-20 18:16:50', '2025-04-20 18:16:50'),
(889, 10, 'TRX500', '2025-04-20 18:16:50', '2025-04-20 18:16:50'),
(890, 10, 'CHF50 (Metropolitan)', '2025-04-20 18:16:50', '2025-04-20 18:16:50'),
(891, 10, 'CHF50 (Jazz)', '2025-04-20 18:16:50', '2025-04-20 18:16:50'),
(892, 10, 'GL1100 (GOLDWING)', '2025-04-20 18:16:50', '2025-04-20 18:16:50'),
(893, 10, 'GL1200 (GOLDWING)', '2025-04-20 18:16:50', '2025-04-20 18:16:50'),
(894, 10, 'VT600C (SHADOW VLX)', '2025-04-20 18:16:50', '2025-04-20 18:16:50'),
(895, 10, 'VT1100C (SHADOW SPIRIT 1100)', '2025-04-20 18:16:50', '2025-04-20 18:16:50'),
(896, 10, 'VT1100C2 (SHADOW SABRE)', '2025-04-20 18:16:50', '2025-04-20 18:16:50'),
(897, 10, 'VT1100D2', '2025-04-20 18:16:50', '2025-04-20 18:16:50'),
(898, 10, 'NRX1800 (VALKYRIE RUNE)', '2025-04-20 18:16:50', '2025-04-20 18:16:50'),
(899, 10, 'VTX1800F1/VTX1800F', '2025-04-20 18:16:50', '2025-04-20 18:16:50'),
(900, 10, 'VTX1800F3/VTX1800F', '2025-04-20 18:16:50', '2025-04-20 18:16:50'),
(901, 10, 'VTX1800N/VTX1800 NEO RETRO', '2025-04-20 18:16:50', '2025-04-20 18:16:50'),
(902, 10, 'VTX1800N1/VTX1800N', '2025-04-20 18:16:50', '2025-04-20 18:16:50'),
(903, 10, 'VTX1800N3/VTX1800N', '2025-04-20 18:16:50', '2025-04-20 18:16:50'),
(904, 10, 'VTX1800R/VTX1800 RETRO', '2025-04-20 18:16:50', '2025-04-20 18:16:50'),
(905, 10, 'VTX1800S/VTX1800 SPOKE', '2025-04-20 18:16:50', '2025-04-20 18:16:50'),
(906, 10, 'VTX1800T/VTX1800T TOURER', '2025-04-20 18:16:50', '2025-04-20 18:16:50'),
(907, 10, 'VTX1800T1/VTX1800T', '2025-04-20 18:16:50', '2025-04-20 18:16:50'),
(908, 10, 'CB599', '2025-04-20 18:16:50', '2025-04-20 18:16:50'),
(909, 10, 'VFR800', '2025-04-20 18:16:50', '2025-04-20 18:16:50'),
(910, 10, 'VFR800A', '2025-04-20 18:16:50', '2025-04-20 18:16:50'),
(911, 10, 'VFR800AT', '2025-04-20 18:16:50', '2025-04-20 18:16:50'),
(912, 10, 'CB900', '2025-04-20 18:16:50', '2025-04-20 18:16:50'),
(913, 10, 'CB900 (919)', '2025-04-20 18:16:50', '2025-04-20 18:16:50'),
(914, 10, 'VTR1000S (RC51)', '2025-04-20 18:16:50', '2025-04-20 18:16:50'),
(915, 10, 'XL200R', '2025-04-20 18:16:50', '2025-04-20 18:16:50'),
(916, 10, 'NT650J', '2025-04-20 18:16:50', '2025-04-20 18:16:50'),
(917, 10, 'CR85', '2025-04-20 18:16:50', '2025-04-20 18:16:50'),
(918, 10, 'CG150ESD', '2025-04-20 18:16:50', '2025-04-20 18:16:50'),
(919, 10, 'XR200R', '2025-04-20 18:16:50', '2025-04-20 18:16:50'),
(920, 10, 'NSR50MIN', '2025-04-20 18:16:50', '2025-04-20 18:16:50'),
(921, 10, 'TRX700EX', '2025-04-20 18:16:50', '2025-04-20 18:16:50'),
(922, 10, 'TRX350FE', '2025-04-20 18:16:50', '2025-04-20 18:16:50'),
(923, 10, 'TRX350FM', '2025-04-20 18:16:50', '2025-04-20 18:16:50'),
(924, 10, 'TRX350TE', '2025-04-20 18:16:50', '2025-04-20 18:16:50'),
(925, 10, 'TRX350TM', '2025-04-20 18:16:50', '2025-04-20 18:16:50'),
(926, 10, 'TRX400FA', '2025-04-20 18:16:50', '2025-04-20 18:16:50'),
(927, 10, 'TRX400FG (FourTrax 400)', '2025-04-20 18:16:50', '2025-04-20 18:16:50'),
(928, 10, 'TRX450FM', '2025-04-20 18:16:50', '2025-04-20 18:16:50'),
(929, 10, 'TRX500 (FourTrax)', '2025-04-20 18:16:50', '2025-04-20 18:16:50'),
(930, 10, 'TRX650FA (Rincon)', '2025-04-20 18:16:50', '2025-04-20 18:16:50'),
(931, 10, 'TRX650FG (Rincon)', '2025-04-20 18:16:50', '2025-04-20 18:16:50'),
(932, 10, 'NSS250A (REFLEX)', '2025-04-20 18:16:50', '2025-04-20 18:16:50'),
(933, 10, 'PS250 (BIG RUCKUS)', '2025-04-20 18:16:50', '2025-04-20 18:16:50'),
(934, 10, 'VT600CD (SHADOW VLX DELUXE)', '2025-04-20 18:16:50', '2025-04-20 18:16:50'),
(935, 10, 'VT750 (A.C.E.)', '2025-04-20 18:16:50', '2025-04-20 18:16:50'),
(936, 10, 'VT750 (Shadow Spirit 750)', '2025-04-20 18:16:50', '2025-04-20 18:16:50'),
(937, 10, 'VT750 (Shadow Ace/Aero)', '2025-04-20 18:16:50', '2025-04-20 18:16:50'),
(938, 10, 'VT1100C2D (SABRE)', '2025-04-20 18:16:50', '2025-04-20 18:16:50'),
(939, 10, 'VTX1800C1/VTX1800C', '2025-04-20 18:16:50', '2025-04-20 18:16:50'),
(940, 10, 'VTX1800FD', '2025-04-20 18:16:50', '2025-04-20 18:16:50'),
(941, 10, 'VTX1800F2/VTX1800F', '2025-04-20 18:16:50', '2025-04-20 18:16:50'),
(942, 10, 'VTX1800ND', '2025-04-20 18:16:50', '2025-04-20 18:16:50'),
(943, 10, 'VTX1800N2/VTX1800N', '2025-04-20 18:16:50', '2025-04-20 18:16:50'),
(944, 10, 'VTX1800R1/VTX1800R', '2025-04-20 18:16:50', '2025-04-20 18:16:50'),
(945, 10, 'VTX1800R2/VTX1800R', '2025-04-20 18:16:50', '2025-04-20 18:16:50'),
(946, 10, 'VTX1800R3/VTX1800R', '2025-04-20 18:16:50', '2025-04-20 18:16:50'),
(947, 10, 'VTX1800TD', '2025-04-20 18:16:50', '2025-04-20 18:16:50'),
(948, 10, 'VTX1800T2/VTX1800T', '2025-04-20 18:16:50', '2025-04-20 18:16:50'),
(949, 10, 'VFR800AT (INTERCEPTOR ABS)', '2025-04-20 18:16:50', '2025-04-20 18:16:50'),
(950, 10, 'TRX250 (SportTrax 250)', '2025-04-20 18:16:50', '2025-04-20 18:16:50'),
(951, 10, 'TRX300EX (SportTrax 300)', '2025-04-20 18:16:50', '2025-04-20 18:16:50'),
(952, 10, 'TRX400EX (SportTrax 400)', '2025-04-20 18:16:50', '2025-04-20 18:16:50'),
(953, 10, 'TRX450ERB (SportTrax 450)', '2025-04-20 18:16:50', '2025-04-20 18:16:50'),
(954, 10, 'TRX450ER (SportTrax 450)', '2025-04-20 18:16:50', '2025-04-20 18:16:50'),
(955, 10, 'TRX250 (FourTrax 250)', '2025-04-20 18:16:50', '2025-04-20 18:16:50'),
(956, 10, 'TRX400FA (FourTrax Rancher AT)', '2025-04-20 18:16:50', '2025-04-20 18:16:50'),
(957, 10, 'TRX400FGA (FourTrax Rancher AT)', '2025-04-20 18:16:50', '2025-04-20 18:16:50'),
(958, 10, 'CH80 (Elite)', '2025-04-20 18:16:50', '2025-04-20 18:16:50'),
(959, 10, 'CN250 (Helix)', '2025-04-20 18:16:50', '2025-04-20 18:16:50'),
(960, 10, 'NSS250AS (REFLEX SPORT)', '2025-04-20 18:16:50', '2025-04-20 18:16:50'),
(961, 10, 'NSS250S (REFLEX SPORT)', '2025-04-20 18:16:50', '2025-04-20 18:16:50'),
(962, 10, 'NSS250 (REFLEX)', '2025-04-20 18:16:50', '2025-04-20 18:16:50'),
(963, 10, 'VT600C (VLX)', '2025-04-20 18:16:50', '2025-04-20 18:16:50'),
(964, 10, 'VTX1300T', '2025-04-20 18:16:50', '2025-04-20 18:16:50'),
(965, 10, 'VTX1800C2/VTX1800C', '2025-04-20 18:16:50', '2025-04-20 18:16:50'),
(966, 10, 'VTX1800C3/VTX1800C', '2025-04-20 18:16:50', '2025-04-20 18:16:50'),
(967, 10, 'VTX1800S1/VTX1800S', '2025-04-20 18:16:50', '2025-04-20 18:16:50'),
(968, 10, 'VTX1800S2/VTX1800S', '2025-04-20 18:16:50', '2025-04-20 18:16:50'),
(969, 10, 'VTX1800S3/VTX1800S', '2025-04-20 18:16:50', '2025-04-20 18:16:50'),
(970, 10, 'VFR800 (SPORT TOURER)', '2025-04-20 18:16:50', '2025-04-20 18:16:50'),
(971, 10, 'VFR800A (SPORT TOURER)', '2025-04-20 18:16:50', '2025-04-20 18:16:50'),
(972, 10, 'CB900 (Hornet)', '2025-04-20 18:16:50', '2025-04-20 18:16:50'),
(973, 10, 'RVT1000R (RC51)', '2025-04-20 18:16:50', '2025-04-20 18:16:50'),
(974, 10, 'TRX90 (Fourtrax 90)', '2025-04-20 18:16:50', '2025-04-20 18:16:50'),
(975, 10, 'TRX350FE (FourTrax Rancher)', '2025-04-20 18:16:50', '2025-04-20 18:16:50'),
(976, 10, 'TRX350FM (FourTrax Rancher)', '2025-04-20 18:16:50', '2025-04-20 18:16:50'),
(977, 10, 'TRX350TE (FourTrax Rancher)', '2025-04-20 18:16:50', '2025-04-20 18:16:50'),
(978, 10, 'TRX350TM (FourTrax Rancher)', '2025-04-20 18:16:50', '2025-04-20 18:16:50'),
(979, 10, 'VTR1000F (SUPERHAWK)', '2025-04-20 18:16:50', '2025-04-20 18:16:50'),
(980, 10, 'NRX1800DA (VALKYRIE RUNE)', '2025-04-20 18:16:50', '2025-04-20 18:16:50'),
(981, 10, 'NRX1800DB (VALKYRIE RUNE)', '2025-04-20 18:16:50', '2025-04-20 18:16:50'),
(982, 10, 'NRX1800EA (VALKYRIE RUNE)', '2025-04-20 18:16:50', '2025-04-20 18:16:50'),
(983, 10, 'NRX1800EB (VALKYRIE RUNE)', '2025-04-20 18:16:50', '2025-04-20 18:16:50'),
(984, 10, 'VTX1800C1 (VTX)', '2025-04-20 18:16:50', '2025-04-20 18:16:50'),
(985, 10, 'VTX1800C2 (VTX)', '2025-04-20 18:16:50', '2025-04-20 18:16:50'),
(986, 10, 'VTX1800C3 (VTX)', '2025-04-20 18:16:50', '2025-04-20 18:16:50'),
(987, 10, 'VTX1800F1 (VTX)', '2025-04-20 18:16:50', '2025-04-20 18:16:50'),
(988, 10, 'VTX1800F2 (VTX)', '2025-04-20 18:16:50', '2025-04-20 18:16:50'),
(989, 10, 'VTX1800N3 (VTX)', '2025-04-20 18:16:50', '2025-04-20 18:16:50'),
(990, 10, 'VTX1800N2 (VTX)', '2025-04-20 18:16:50', '2025-04-20 18:16:50'),
(991, 10, 'VTX1800N1 (VTX)', '2025-04-20 18:16:50', '2025-04-20 18:16:50'),
(992, 10, 'VTX1800R3 (VTX)', '2025-04-20 18:16:50', '2025-04-20 18:16:50'),
(993, 10, 'VTX1800R2 (VTX)', '2025-04-20 18:16:50', '2025-04-20 18:16:50'),
(994, 10, 'VTX1800R1 (VTX)', '2025-04-20 18:16:50', '2025-04-20 18:16:50'),
(995, 10, 'VTX1800S3 (VTX)', '2025-04-20 18:16:50', '2025-04-20 18:16:50'),
(996, 10, 'VTX1800S2 (VTX)', '2025-04-20 18:16:50', '2025-04-20 18:16:50'),
(997, 10, 'VTX1800S1 (VTX)', '2025-04-20 18:16:50', '2025-04-20 18:16:50'),
(998, 10, 'VTX1800F3 (VTX)', '2025-04-20 18:16:50', '2025-04-20 18:16:50'),
(999, 10, 'RC1000VS (RC213V-S)', '2025-04-20 18:16:50', '2025-04-20 18:16:50'),
(1000, 10, 'TRX90 (SportTrax 90)', '2025-04-20 18:16:50', '2025-04-20 18:16:50'),
(1001, 10, 'TRX250 (Recon)', '2025-04-20 18:16:50', '2025-04-20 18:16:50'),
(1002, 10, 'TRX400FW (FourTrax Foreman 400)', '2025-04-20 18:16:50', '2025-04-20 18:16:50'),
(1003, 10, 'TRX450FE (FourTrax Foreman)', '2025-04-20 18:16:50', '2025-04-20 18:16:50'),
(1004, 10, 'TRX450FM (FourTrax Foreman)', '2025-04-20 18:16:50', '2025-04-20 18:16:50'),
(1005, 10, 'TRX650FA (FourTrax Rincon)', '2025-04-20 18:16:50', '2025-04-20 18:16:50'),
(1006, 10, 'TRX650FGA (FourTrax Rincon)', '2025-04-20 18:16:50', '2025-04-20 18:16:50'),
(1007, 10, 'CRF1000', '2025-04-20 18:16:50', '2025-04-20 18:16:50'),
(1008, 10, 'VFR1200X', '2025-04-20 18:16:50', '2025-04-20 18:16:50'),
(1009, 10, 'VFR1200XD', '2025-04-20 18:16:50', '2025-04-20 18:16:50'),
(1010, 10, 'CHF50 (Metropolitan II)', '2025-04-20 18:16:50', '2025-04-20 18:16:50'),
(1011, 10, 'NRX1800BA (VALKYRIE RUNE)', '2025-04-20 18:16:50', '2025-04-20 18:16:50'),
(1012, 10, 'NRX1800BB (VALKYRIE RUNE)', '2025-04-20 18:16:50', '2025-04-20 18:16:50'),
(1013, 10, 'VTX1800C (VTX)', '2025-04-20 18:16:50', '2025-04-20 18:16:50'),
(1014, 10, 'TRX400FGA', '2025-04-20 18:16:50', '2025-04-20 18:16:50'),
(1015, 10, 'CB750 (Nighthawk 750)', '2025-04-20 18:16:50', '2025-04-20 18:16:50'),
(1016, 10, 'VF750C (MAGNA)', '2025-04-20 18:16:50', '2025-04-20 18:16:50'),
(1017, 10, 'CBR900/CBR954', '2025-04-20 18:16:50', '2025-04-20 18:16:50'),
(1018, 10, 'CBR900/CBR929', '2025-04-20 18:16:50', '2025-04-20 18:16:50'),
(1019, 10, 'VTX1800R (VTX)', '2025-04-20 18:16:50', '2025-04-20 18:16:50'),
(1020, 10, 'VTX1800S (VTX)', '2025-04-20 18:16:50', '2025-04-20 18:16:50'),
(1021, 10, 'GL1500 (Valkyrie)', '2025-04-20 18:16:50', '2025-04-20 18:16:50'),
(1022, 10, 'XR70R', '2025-04-20 18:16:50', '2025-04-20 18:16:50'),
(1023, 10, 'XR50', '2025-04-20 18:16:50', '2025-04-20 18:16:50'),
(1024, 10, 'CR80', '2025-04-20 18:16:50', '2025-04-20 18:16:50'),
(1025, 10, 'XR80R', '2025-04-20 18:16:50', '2025-04-20 18:16:50'),
(1026, 10, 'XR100R', '2025-04-20 18:16:50', '2025-04-20 18:16:50'),
(1027, 10, 'VFR800Fi (INTERCEPTOR)', '2025-04-20 18:16:50', '2025-04-20 18:16:50'),
(1028, 10, 'ST1100A', '2025-04-20 18:16:50', '2025-04-20 18:16:50'),
(1029, 10, 'VT1100C3 (SHADOW AERO)', '2025-04-20 18:16:50', '2025-04-20 18:16:50'),
(1030, 10, 'GL1500C (VALKYRIE)', '2025-04-20 18:16:50', '2025-04-20 18:16:50'),
(1031, 10, 'GL1500CD (VALKYRIE TOURER)', '2025-04-20 18:16:50', '2025-04-20 18:16:50'),
(1032, 10, 'GL1500CT (VALKYRIE TOURER)', '2025-04-20 18:16:50', '2025-04-20 18:16:50'),
(1033, 10, 'GL1500CF (VALKYRIE INTERSTATE)', '2025-04-20 18:16:50', '2025-04-20 18:16:50'),
(1034, 10, 'GL1500SE (GOLD WING SE)', '2025-04-20 18:16:50', '2025-04-20 18:16:50'),
(1035, 10, 'VT600CD2', '2025-04-20 18:16:50', '2025-04-20 18:16:50'),
(1036, 10, 'VT1100T (SHADOW ACE TOURER)', '2025-04-20 18:16:50', '2025-04-20 18:16:50'),
(1037, 10, 'CR500R', '2025-04-20 18:16:50', '2025-04-20 18:16:50'),
(1038, 10, 'VF750C2 (MAGNA)', '2025-04-20 18:16:50', '2025-04-20 18:16:50'),
(1039, 10, 'GL1500A (GOLD WING ASPENCADE)', '2025-04-20 18:16:50', '2025-04-20 18:16:50'),
(1040, 10, 'VT1100C2 (SHADOW ACE)', '2025-04-20 18:16:50', '2025-04-20 18:16:50'),
(1041, 10, 'Z50R', '2025-04-20 18:16:50', '2025-04-20 18:16:50'),
(1042, 10, 'PC800 (PACIFIC COAST)', '2025-04-20 18:16:50', '2025-04-20 18:16:50'),
(1043, 10, 'XR200', '2025-04-20 18:16:50', '2025-04-20 18:16:50'),
(1044, 10, 'GL1500i', '2025-04-20 18:16:50', '2025-04-20 18:16:50'),
(1045, 10, 'EZ90', '2025-04-20 18:16:50', '2025-04-20 18:16:50'),
(1046, 10, 'RVF750R (RC45)', '2025-04-20 18:16:50', '2025-04-20 18:16:50'),
(1047, 10, 'TRX400FG', '2025-04-20 18:16:50', '2025-04-20 18:16:50'),
(1048, 10, 'Cota 300RR', '2025-04-20 18:16:50', '2025-04-20 18:16:50'),
(1049, 10, 'Honda Utility Vehicle', '2025-04-20 18:16:50', '2025-04-20 18:16:50'),
(1050, 10, 'CBR600', '2025-04-20 18:16:50', '2025-04-20 18:16:50'),
(1051, 10, 'Clarity', '2025-04-20 18:16:50', '2025-04-20 18:16:50'),
(1052, 10, 'CH250', '2025-04-20 18:16:50', '2025-04-20 18:16:50'),
(1053, 10, 'SE50PI', '2025-04-20 18:16:50', '2025-04-20 18:16:50'),
(1054, 10, 'CH150', '2025-04-20 18:16:50', '2025-04-20 18:16:50'),
(1055, 10, 'SE50H', '2025-04-20 18:16:50', '2025-04-20 18:16:50'),
(1056, 10, 'SE50PH', '2025-04-20 18:16:50', '2025-04-20 18:16:50'),
(1057, 10, 'NQ50', '2025-04-20 18:16:50', '2025-04-20 18:16:50'),
(1058, 10, 'CMX450C', '2025-04-20 18:16:50', '2025-04-20 18:16:50'),
(1059, 10, 'VT700C (Shadow)', '2025-04-20 18:16:50', '2025-04-20 18:16:50'),
(1060, 10, 'VR700FII', '2025-04-20 18:16:50', '2025-04-20 18:16:50'),
(1061, 10, 'XL250R', '2025-04-20 18:16:50', '2025-04-20 18:16:50'),
(1062, 10, 'XL600R', '2025-04-20 18:16:50', '2025-04-20 18:16:50'),
(1063, 10, 'TLR200', '2025-04-20 18:16:50', '2025-04-20 18:16:50'),
(1064, 10, 'CN250', '2025-04-20 18:16:50', '2025-04-20 18:16:50'),
(1065, 10, 'NB50', '2025-04-20 18:16:50', '2025-04-20 18:16:50'),
(1066, 10, 'VF1000R', '2025-04-20 18:16:50', '2025-04-20 18:16:50'),
(1067, 10, 'VF500F', '2025-04-20 18:16:50', '2025-04-20 18:16:50'),
(1068, 10, 'CB450', '2025-04-20 18:16:50', '2025-04-20 18:16:50'),
(1069, 10, 'TG50', '2025-04-20 18:16:50', '2025-04-20 18:16:50'),
(1070, 10, 'CB700', '2025-04-20 18:16:50', '2025-04-20 18:16:50'),
(1071, 10, 'VF1100C', '2025-04-20 18:16:50', '2025-04-20 18:16:50'),
(1072, 10, 'VT500', '2025-04-20 18:16:50', '2025-04-20 18:16:50'),
(1073, 10, 'NB50M', '2025-04-20 18:16:50', '2025-04-20 18:16:50'),
(1074, 10, 'XL80', '2025-04-20 18:16:50', '2025-04-20 18:16:50'),
(1075, 10, 'XL100S', '2025-04-20 18:16:50', '2025-04-20 18:16:50'),
(1076, 10, 'VF1100S', '2025-04-20 18:16:50', '2025-04-20 18:16:50'),
(1077, 10, 'VF1000F', '2025-04-20 18:16:50', '2025-04-20 18:16:50'),
(1078, 10, 'XL350R', '2025-04-20 18:16:50', '2025-04-20 18:16:50'),
(1079, 10, 'NH80', '2025-04-20 18:16:50', '2025-04-20 18:16:50'),
(1080, 10, 'CB125', '2025-04-20 18:16:50', '2025-04-20 18:16:50'),
(1081, 10, 'VF700C (Magna)', '2025-04-20 18:16:50', '2025-04-20 18:16:50'),
(1082, 10, 'NN50MD', '2025-04-20 18:16:50', '2025-04-20 18:16:50'),
(1083, 10, 'XL125', '2025-04-20 18:16:50', '2025-04-20 18:16:50'),
(1084, 10, 'CMX300 (Rebel 300)', '2025-04-20 18:16:50', '2025-04-20 18:16:50'),
(1085, 10, 'CMX500 (Rebel 500)', '2025-04-20 18:16:50', '2025-04-20 18:16:50'),
(1086, 10, 'A1', '2025-04-20 18:16:50', '2025-04-20 18:16:50'),
(1087, 10, 'NCW50/Metropolitan', '2025-04-20 18:16:50', '2025-04-20 18:16:50'),
(1088, 10, 'CRF1000 (Africa Twin)', '2025-04-20 18:16:50', '2025-04-20 18:16:50'),
(1089, 10, 'CBF300', '2025-04-20 18:16:50', '2025-04-20 18:16:50'),
(1090, 10, 'CRF450', '2025-04-20 18:16:50', '2025-04-20 18:16:50'),
(1091, 10, 'Z125 (Monkey)', '2025-04-20 18:16:50', '2025-04-20 18:16:50'),
(1092, 10, 'GL1800', '2025-04-20 18:16:50', '2025-04-20 18:16:50'),
(1093, 10, 'C125 (Super Cub)', '2025-04-20 18:16:50', '2025-04-20 18:16:50'),
(1094, 10, 'Pioneer', '2025-04-20 18:16:50', '2025-04-20 18:16:50'),
(1095, 10, 'CRF1100 (Africa Twin)', '2025-04-20 18:16:50', '2025-04-20 18:16:50'),
(1096, 10, 'VT800C', '2025-04-20 18:16:50', '2025-04-20 18:16:50'),
(1097, 10, 'CH125', '2025-04-20 18:16:50', '2025-04-20 18:16:50'),
(1098, 10, 'CM200', '2025-04-20 18:16:50', '2025-04-20 18:16:50'),
(1099, 10, 'CM250C', '2025-04-20 18:16:50', '2025-04-20 18:16:50'),
(1100, 10, 'CX500', '2025-04-20 18:16:50', '2025-04-20 18:16:50'),
(1101, 10, 'CM450', '2025-04-20 18:16:50', '2025-04-20 18:16:50'),
(1102, 10, 'VF500C', '2025-04-20 18:16:50', '2025-04-20 18:16:50'),
(1103, 10, 'XL500S', '2025-04-20 18:16:50', '2025-04-20 18:16:50'),
(1104, 10, 'XR500R', '2025-04-20 18:16:50', '2025-04-20 18:16:50'),
(1105, 10, 'CB750', '2025-04-20 18:16:50', '2025-04-20 18:16:50'),
(1106, 10, 'CB650', '2025-04-20 18:16:50', '2025-04-20 18:16:50'),
(1107, 10, 'VF750S', '2025-04-20 18:16:50', '2025-04-20 18:16:50'),
(1108, 10, 'CB550', '2025-04-20 18:16:50', '2025-04-20 18:16:50'),
(1109, 10, 'CX650', '2025-04-20 18:16:50', '2025-04-20 18:16:50'),
(1110, 10, 'Accord Crosstour', '2025-04-20 18:16:50', '2025-04-20 18:16:50'),
(1111, 10, 'SXS1000S4 (Talon 1000X-4)', '2025-04-20 18:16:50', '2025-04-20 18:16:50'),
(1112, 10, 'ADV150', '2025-04-20 18:16:50', '2025-04-20 18:16:50'),
(1113, 10, 'FIREBLADE', '2025-04-20 18:16:50', '2025-04-20 18:16:50'),
(1114, 10, 'CBX', '2025-04-20 18:16:50', '2025-04-20 18:16:50'),
(1115, 10, 'TRX500 (FourTrax Foreman Rubicon)', '2025-04-20 18:16:50', '2025-04-20 18:16:50'),
(1116, 10, 'Cota 300RR (MRT300)', '2025-04-20 18:16:50', '2025-04-20 18:16:50'),
(1117, 10, 'WW150/PCX150', '2025-04-20 18:16:50', '2025-04-20 18:16:50'),
(1118, 10, 'SXS1000M (Pioneer 1000)', '2025-04-20 18:16:50', '2025-04-20 18:16:50'),
(1119, 10, 'SXS700 (Pioneer 700)', '2025-04-20 18:16:50', '2025-04-20 18:16:50'),
(1120, 10, 'SXS500 (Pioneer 500)', '2025-04-20 18:16:50', '2025-04-20 18:16:50'),
(1121, 10, 'TRX420 (Rancher)', '2025-04-20 18:16:50', '2025-04-20 18:16:50'),
(1122, 10, 'TRX500 (Foreman)', '2025-04-20 18:16:50', '2025-04-20 18:16:50'),
(1123, 10, 'TRX500 (Foreman Rubicon)', '2025-04-20 18:16:50', '2025-04-20 18:16:50'),
(1124, 10, 'TRX500 (Rubicon)', '2025-04-20 18:16:50', '2025-04-20 18:16:50'),
(1125, 10, 'CB300', '2025-04-20 18:16:50', '2025-04-20 18:16:50'),
(1126, 10, 'CB1000', '2025-04-20 18:16:50', '2025-04-20 18:16:50'),
(1127, 10, 'Trail125', '2025-04-20 18:16:50', '2025-04-20 18:16:50'),
(1128, 10, 'CMX1100A (REBEL1100)', '2025-04-20 18:16:50', '2025-04-20 18:16:50'),
(1129, 10, 'CMX1100D (REBEL1100 DCT)', '2025-04-20 18:16:50', '2025-04-20 18:16:50'),
(1130, 10, 'CRF300L', '2025-04-20 18:16:50', '2025-04-20 18:16:50'),
(1131, 10, 'Monkey', '2025-04-20 18:16:50', '2025-04-20 18:16:50'),
(1132, 10, 'Civic Si', '2025-04-20 18:16:50', '2025-04-20 18:16:50'),
(1133, 10, 'Navi', '2025-04-20 18:16:50', '2025-04-20 18:16:50'),
(1134, 10, 'CMX300', '2025-04-20 18:16:50', '2025-04-20 18:16:50'),
(1135, 10, 'PCX', '2025-04-20 18:16:50', '2025-04-20 18:16:50'),
(1136, 10, 'Ruckus', '2025-04-20 18:16:50', '2025-04-20 18:16:50'),
(1137, 10, 'SXS1000S2 (Talon 1000)', '2025-04-20 18:16:50', '2025-04-20 18:16:50'),
(1138, 10, 'TRX520', '2025-04-20 18:16:50', '2025-04-20 18:16:50'),
(1139, 10, 'SXS520', '2025-04-20 18:16:50', '2025-04-20 18:16:50'),
(1140, 10, 'ATC350X', '2025-04-20 18:16:50', '2025-04-20 18:16:50'),
(1141, 10, 'ATC250', '2025-04-20 18:16:50', '2025-04-20 18:16:50'),
(1142, 10, 'CM400', '2025-04-20 18:16:50', '2025-04-20 18:16:50'),
(1143, 10, 'VF700S (Sabre)', '2025-04-20 18:16:50', '2025-04-20 18:16:50'),
(1144, 10, 'VF700F (Interceptor)', '2025-04-20 18:16:50', '2025-04-20 18:16:50'),
(1145, 10, 'Civic Type R', '2025-04-20 18:16:50', '2025-04-20 18:16:50'),
(1146, 10, 'XR150L', '2025-04-20 18:16:50', '2025-04-20 18:16:50'),
(1147, 10, 'NU50', '2025-04-20 18:16:50', '2025-04-20 18:16:50'),
(1148, 10, 'NC50', '2025-04-20 18:16:50', '2025-04-20 18:16:50'),
(1149, 10, 'XR350R', '2025-04-20 18:16:50', '2025-04-20 18:16:50'),
(1150, 10, 'SCL500', '2025-04-20 18:16:50', '2025-04-20 18:16:50'),
(1151, 10, 'ADV160', '2025-04-20 18:16:50', '2025-04-20 18:16:50'),
(1152, 10, 'Prologue', '2025-04-20 18:16:50', '2025-04-20 18:16:50'),
(1153, 10, 'NCW50/Giorno', '2025-04-20 18:16:50', '2025-04-20 18:16:50'),
(1154, 10, 'CRF230L', '2025-04-20 18:16:50', '2025-04-20 18:16:50'),
(1155, 10, 'CRF230M', '2025-04-20 18:16:50', '2025-04-20 18:16:50'),
(1156, 10, 'CRF230F', '2025-04-20 18:16:50', '2025-04-20 18:16:50'),
(1157, 10, 'CRF125F', '2025-04-20 18:16:50', '2025-04-20 18:16:50'),
(1158, 10, 'CRF125FB', '2025-04-20 18:16:50', '2025-04-20 18:16:50'),
(1159, 10, 'CRF150F', '2025-04-20 18:16:50', '2025-04-20 18:16:50'),
(1160, 10, 'CRF150R', '2025-04-20 18:16:50', '2025-04-20 18:16:50'),
(1161, 10, 'CRF150RB', '2025-04-20 18:16:50', '2025-04-20 18:16:50'),
(1162, 10, 'CRF250L', '2025-04-20 18:16:50', '2025-04-20 18:16:50'),
(1163, 10, 'CRF250R', '2025-04-20 18:16:50', '2025-04-20 18:16:50'),
(1164, 10, 'CRF250X', '2025-04-20 18:16:50', '2025-04-20 18:16:50'),
(1165, 10, 'CRF50F', '2025-04-20 18:16:50', '2025-04-20 18:16:50'),
(1166, 10, 'CRF110F', '2025-04-20 18:16:50', '2025-04-20 18:16:50'),
(1167, 10, 'CRF450R', '2025-04-20 18:16:50', '2025-04-20 18:16:50'),
(1168, 10, 'CRF450X', '2025-04-20 18:16:50', '2025-04-20 18:16:50'),
(1169, 10, 'CRF250RX', '2025-04-20 18:16:50', '2025-04-20 18:16:50'),
(1170, 10, 'CRF250F', '2025-04-20 18:16:50', '2025-04-20 18:16:50'),
(1171, 10, 'CRF450RX', '2025-04-20 18:16:50', '2025-04-20 18:16:50'),
(1172, 10, 'CRF450RWE', '2025-04-20 18:16:50', '2025-04-20 18:16:50'),
(1173, 10, 'CRF1000A', '2025-04-20 18:16:50', '2025-04-20 18:16:50'),
(1174, 10, 'CRF1000D', '2025-04-20 18:16:50', '2025-04-20 18:16:50'),
(1175, 10, 'CRF1000LA', '2025-04-20 18:16:50', '2025-04-20 18:16:50'),
(1176, 10, 'CRF1000LD', '2025-04-20 18:16:50', '2025-04-20 18:16:50'),
(1177, 10, 'CRF150RE', '2025-04-20 18:16:50', '2025-04-20 18:16:50'),
(1178, 10, 'CRF150RBE', '2025-04-20 18:16:50', '2025-04-20 18:16:50'),
(1179, 10, 'CRF250RB', '2025-04-20 18:16:50', '2025-04-20 18:16:50'),
(1180, 10, 'CRF450RB', '2025-04-20 18:16:50', '2025-04-20 18:16:50'),
(1181, 10, 'CRF250RL', '2025-04-20 18:16:50', '2025-04-20 18:16:50'),
(1182, 10, 'CRF250RLA', '2025-04-20 18:16:50', '2025-04-20 18:16:50'),
(1183, 10, 'CRF250LA', '2025-04-20 18:16:50', '2025-04-20 18:16:50'),
(1184, 10, 'CRF300LR', '2025-04-20 18:16:50', '2025-04-20 18:16:50'),
(1185, 10, 'CRF450RL', '2025-04-20 18:16:50', '2025-04-20 18:16:50'),
(1186, 10, 'CRF1100D', '2025-04-20 18:16:50', '2025-04-20 18:16:50'),
(1187, 10, 'CRF1100A', '2025-04-20 18:16:50', '2025-04-20 18:16:50'),
(1188, 10, 'CRF1100A4', '2025-04-20 18:16:50', '2025-04-20 18:16:50'),
(1189, 10, 'CRF1100D4', '2025-04-20 18:16:50', '2025-04-20 18:16:50'),
(1190, 10, 'CRF1000A2', '2025-04-20 18:16:50', '2025-04-20 18:16:50'),
(1191, 10, 'CRF1000D2', '2025-04-20 18:16:50', '2025-04-20 18:16:50'),
(1192, 10, 'CRF11004D', '2025-04-20 18:16:50', '2025-04-20 18:16:50'),
(1193, 10, 'CRF11004', '2025-04-20 18:16:50', '2025-04-20 18:16:50'),
(1194, 10, 'CRF450L', '2025-04-20 18:16:50', '2025-04-20 18:16:50'),
(1195, 10, 'CRF1100LD', '2025-04-20 18:16:50', '2025-04-20 18:16:50'),
(1196, 10, 'CRF1100L', '2025-04-20 18:16:50', '2025-04-20 18:16:50'),
(1197, 10, 'CRF1100L4D', '2025-04-20 18:16:50', '2025-04-20 18:16:50'),
(1198, 10, 'CRF1100L4', '2025-04-20 18:16:50', '2025-04-20 18:16:50'),
(1199, 10, 'CRF1000AS', '2025-04-20 18:16:50', '2025-04-20 18:16:50'),
(1200, 10, 'CRF1000ASD', '2025-04-20 18:16:50', '2025-04-20 18:16:50'),
(1201, 10, 'XR650L', '2025-04-20 18:16:50', '2025-04-20 18:16:50'),
(1202, 10, 'CBR125R', '2025-04-20 18:16:50', '2025-04-20 18:16:50'),
(1203, 10, 'CBR600RR', '2025-04-20 18:16:50', '2025-04-20 18:16:50'),
(1204, 10, 'CBR600RA', '2025-04-20 18:16:50', '2025-04-20 18:16:50'),
(1205, 10, 'CBR500R', '2025-04-20 18:16:50', '2025-04-20 18:16:50'),
(1206, 10, 'CBR500RA', '2025-04-20 18:16:50', '2025-04-20 18:16:50'),
(1207, 10, 'CB500FA', '2025-04-20 18:16:50', '2025-04-20 18:16:50'),
(1208, 10, 'CB500F', '2025-04-20 18:16:50', '2025-04-20 18:16:50'),
(1209, 10, 'CB500XA', '2025-04-20 18:16:50', '2025-04-20 18:16:50'),
(1210, 10, 'CB500X', '2025-04-20 18:16:50', '2025-04-20 18:16:50'),
(1211, 10, 'CBR650F', '2025-04-20 18:16:50', '2025-04-20 18:16:50'),
(1212, 10, 'CBR650FA', '2025-04-20 18:16:50', '2025-04-20 18:16:50'),
(1213, 10, 'CBR1000RR', '2025-04-20 18:16:50', '2025-04-20 18:16:50'),
(1214, 10, 'CBR1000RA', '2025-04-20 18:16:50', '2025-04-20 18:16:50'),
(1215, 10, 'CBR1000S', '2025-04-20 18:16:50', '2025-04-20 18:16:50'),
(1216, 10, 'CB1000R', '2025-04-20 18:16:50', '2025-04-20 18:16:50'),
(1217, 10, 'CB1000RA', '2025-04-20 18:16:50', '2025-04-20 18:16:50'),
(1218, 10, 'CB1100A', '2025-04-20 18:16:50', '2025-04-20 18:16:50'),
(1219, 10, 'CB1100SA', '2025-04-20 18:16:50', '2025-04-20 18:16:50'),
(1220, 10, 'CBR250R', '2025-04-20 18:16:50', '2025-04-20 18:16:50'),
(1221, 10, 'CBR250RA', '2025-04-20 18:16:50', '2025-04-20 18:16:50'),
(1222, 10, 'CBR300R', '2025-04-20 18:16:50', '2025-04-20 18:16:50'),
(1223, 10, 'CBR300RA', '2025-04-20 18:16:50', '2025-04-20 18:16:50'),
(1224, 10, 'CB300F', '2025-04-20 18:16:50', '2025-04-20 18:16:50'),
(1225, 10, 'CB300FA', '2025-04-20 18:16:50', '2025-04-20 18:16:50'),
(1226, 10, 'CB650F', '2025-04-20 18:16:50', '2025-04-20 18:16:50'),
(1227, 10, 'CBF300N', '2025-04-20 18:16:50', '2025-04-20 18:16:50'),
(1228, 10, 'CB300R', '2025-04-20 18:16:50', '2025-04-20 18:16:50'),
(1229, 10, 'CBR650R', '2025-04-20 18:16:50', '2025-04-20 18:16:50'),
(1230, 10, 'CB650R', '2025-04-20 18:16:50', '2025-04-20 18:16:50'),
(1231, 10, 'XR650LL', '2025-04-20 18:16:50', '2025-04-20 18:16:50'),
(1232, 10, 'CTX700N', '2025-04-20 18:16:50', '2025-04-20 18:16:50'),
(1233, 10, 'CBR650RA', '2025-04-20 18:16:50', '2025-04-20 18:16:50'),
(1234, 10, 'CB650RA', '2025-04-20 18:16:50', '2025-04-20 18:16:50'),
(1235, 10, 'ST1100L', '2025-04-20 18:16:50', '2025-04-20 18:16:50'),
(1236, 10, 'ST1100AL', '2025-04-20 18:16:50', '2025-04-20 18:16:50'),
(1237, 10, 'NX500', '2025-04-20 18:16:50', '2025-04-20 18:16:50'),
(1238, 10, 'Montessa Cota 4RT', '2025-04-20 18:16:50', '2025-04-20 18:16:50'),
(1239, 10, 'DAX125', '2025-04-20 18:16:50', '2025-04-20 18:16:50'),
(1240, 10, 'AFRICA TWIN', '2025-04-20 18:16:50', '2025-04-20 18:16:50'),
(1241, 10, 'FURY', '2025-04-20 18:16:50', '2025-04-20 18:16:50'),
(1242, 10, 'NT1100', '2025-04-20 18:16:50', '2025-04-20 18:16:50'),
(1243, 11, 'Equus', '2025-04-20 18:16:51', '2025-04-20 18:16:51'),
(1244, 11, 'Santa Fe', '2025-04-20 18:16:51', '2025-04-20 18:16:51'),
(1245, 11, 'Tucson', '2025-04-20 18:16:51', '2025-04-20 18:16:51'),
(1246, 11, 'Veloster', '2025-04-20 18:16:51', '2025-04-20 18:16:51'),
(1247, 11, 'Genesis Coupe', '2025-04-20 18:16:51', '2025-04-20 18:16:51'),
(1248, 11, 'Sonata', '2025-04-20 18:16:51', '2025-04-20 18:16:51'),
(1249, 11, 'Elantra', '2025-04-20 18:16:51', '2025-04-20 18:16:51'),
(1250, 11, 'Entourage', '2025-04-20 18:16:51', '2025-04-20 18:16:51'),
(1251, 11, 'Azera', '2025-04-20 18:16:51', '2025-04-20 18:16:51'),
(1252, 11, 'Veracruz', '2025-04-20 18:16:51', '2025-04-20 18:16:51'),
(1253, 11, 'Accent', '2025-04-20 18:16:51', '2025-04-20 18:16:51'),
(1254, 11, 'Genesis', '2025-04-20 18:16:51', '2025-04-20 18:16:51'),
(1255, 11, 'Tiburon', '2025-04-20 18:16:51', '2025-04-20 18:16:51'),
(1256, 11, 'Elantra Touring', '2025-04-20 18:16:51', '2025-04-20 18:16:51'),
(1257, 11, 'XG350', '2025-04-20 18:16:51', '2025-04-20 18:16:51'),
(1258, 11, 'Excel', '2025-04-20 18:16:51', '2025-04-20 18:16:51'),
(1259, 11, 'Scoupe', '2025-04-20 18:16:51', '2025-04-20 18:16:51'),
(1260, 11, 'XG300', '2025-04-20 18:16:51', '2025-04-20 18:16:51'),
(1261, 11, 'Elantra GT', '2025-04-20 18:16:51', '2025-04-20 18:16:51'),
(1262, 11, 'Hyundai Translead Trailers', '2025-04-20 18:16:51', '2025-04-20 18:16:51'),
(1263, 11, 'Hyundai Steel Industries, Inc.', '2025-04-20 18:16:51', '2025-04-20 18:16:51'),
(1264, 11, 'Pony', '2025-04-20 18:16:51', '2025-04-20 18:16:51'),
(1265, 11, 'Stellar', '2025-04-20 18:16:51', '2025-04-20 18:16:51'),
(1266, 11, 'Santa Fe Sport', '2025-04-20 18:16:51', '2025-04-20 18:16:51'),
(1267, 11, 'Ioniq', '2025-04-20 18:16:51', '2025-04-20 18:16:51'),
(1268, 11, 'Kona', '2025-04-20 18:16:51', '2025-04-20 18:16:51'),
(1269, 11, 'Santa Fe XL', '2025-04-20 18:16:51', '2025-04-20 18:16:51'),
(1270, 11, 'Nexo', '2025-04-20 18:16:51', '2025-04-20 18:16:51'),
(1271, 11, 'Palisade', '2025-04-20 18:16:51', '2025-04-20 18:16:51'),
(1272, 11, 'Venue', '2025-04-20 18:16:51', '2025-04-20 18:16:51'),
(1273, 11, 'Veloster N', '2025-04-20 18:16:51', '2025-04-20 18:16:51'),
(1274, 11, 'Santa Cruz', '2025-04-20 18:16:51', '2025-04-20 18:16:51'),
(1275, 11, 'Ioniq 5', '2025-04-20 18:16:51', '2025-04-20 18:16:51'),
(1276, 11, 'Elantra N', '2025-04-20 18:16:51', '2025-04-20 18:16:51'),
(1277, 11, 'Xcient', '2025-04-20 18:16:51', '2025-04-20 18:16:51'),
(1278, 11, 'Ioniq 6', '2025-04-20 18:16:51', '2025-04-20 18:16:51'),
(1279, 11, 'Kona N', '2025-04-20 18:16:51', '2025-04-20 18:16:51'),
(1280, 11, 'Ioniq 5 N', '2025-04-20 18:16:51', '2025-04-20 18:16:51'),
(1281, 11, 'Ioniq 9', '2025-04-20 18:16:51', '2025-04-20 18:16:51'),
(1282, 12, 'XJ', '2025-04-20 18:16:51', '2025-04-20 18:16:51'),
(1283, 12, 'XF', '2025-04-20 18:16:51', '2025-04-20 18:16:51'),
(1284, 12, 'XK', '2025-04-20 18:16:51', '2025-04-20 18:16:51'),
(1285, 12, 'X-Type', '2025-04-20 18:16:51', '2025-04-20 18:16:51'),
(1286, 12, 'S-Type', '2025-04-20 18:16:51', '2025-04-20 18:16:51'),
(1287, 12, 'F-TYPE', '2025-04-20 18:16:51', '2025-04-20 18:16:51'),
(1288, 12, 'Vanden Plas', '2025-04-20 18:16:51', '2025-04-20 18:16:51'),
(1289, 12, 'XK8', '2025-04-20 18:16:51', '2025-04-20 18:16:51'),
(1290, 12, 'XJR', '2025-04-20 18:16:51', '2025-04-20 18:16:51'),
(1291, 12, 'XE', '2025-04-20 18:16:51', '2025-04-20 18:16:51'),
(1292, 12, 'F-PACE', '2025-04-20 18:16:51', '2025-04-20 18:16:51'),
(1293, 12, 'XJ8', '2025-04-20 18:16:51', '2025-04-20 18:16:51'),
(1294, 12, 'XJ6', '2025-04-20 18:16:51', '2025-04-20 18:16:51'),
(1295, 12, 'XJS', '2025-04-20 18:16:51', '2025-04-20 18:16:51'),
(1296, 12, 'E-PACE', '2025-04-20 18:16:51', '2025-04-20 18:16:51'),
(1297, 12, 'I-PACE', '2025-04-20 18:16:51', '2025-04-20 18:16:51'),
(1298, 12, 'XJ12', '2025-04-20 18:16:51', '2025-04-20 18:16:51'),
(1299, 13, 'Wrangler', '2025-04-20 18:16:52', '2025-04-20 18:16:52'),
(1300, 13, 'Liberty', '2025-04-20 18:16:52', '2025-04-20 18:16:52'),
(1301, 13, 'Cherokee', '2025-04-20 18:16:52', '2025-04-20 18:16:52'),
(1302, 13, 'Compass', '2025-04-20 18:16:52', '2025-04-20 18:16:52'),
(1303, 13, 'Patriot', '2025-04-20 18:16:52', '2025-04-20 18:16:52'),
(1304, 13, 'Commander', '2025-04-20 18:16:52', '2025-04-20 18:16:52'),
(1305, 13, 'Grand Cherokee', '2025-04-20 18:16:52', '2025-04-20 18:16:52'),
(1306, 13, 'Renegade', '2025-04-20 18:16:52', '2025-04-20 18:16:52'),
(1307, 13, 'Grand Wagoneer', '2025-04-20 18:16:52', '2025-04-20 18:16:52'),
(1308, 13, 'Comanche', '2025-04-20 18:16:52', '2025-04-20 18:16:52'),
(1309, 13, 'Wagoneer', '2025-04-20 18:16:52', '2025-04-20 18:16:52'),
(1310, 13, 'J-10', '2025-04-20 18:16:52', '2025-04-20 18:16:52'),
(1311, 13, 'J-20', '2025-04-20 18:16:52', '2025-04-20 18:16:52'),
(1312, 13, 'CJ-7', '2025-04-20 18:16:52', '2025-04-20 18:16:52'),
(1313, 13, 'CJ-8 Scrambler', '2025-04-20 18:16:52', '2025-04-20 18:16:52'),
(1314, 13, 'CJ-5', '2025-04-20 18:16:52', '2025-04-20 18:16:52'),
(1315, 13, 'CJ-6', '2025-04-20 18:16:52', '2025-04-20 18:16:52'),
(1316, 13, 'Wrangler JK', '2025-04-20 18:16:52', '2025-04-20 18:16:52'),
(1317, 13, 'Gladiator', '2025-04-20 18:16:52', '2025-04-20 18:16:52'),
(1318, 13, 'Grand Cherokee L', '2025-04-20 18:16:52', '2025-04-20 18:16:52'),
(1319, 13, 'Wagoneer L', '2025-04-20 18:16:52', '2025-04-20 18:16:52'),
(1320, 13, 'Grand Wagoneer L', '2025-04-20 18:16:52', '2025-04-20 18:16:52'),
(1321, 13, 'Wagoneer S', '2025-04-20 18:16:52', '2025-04-20 18:16:52'),
(1322, 14, 'Rio', '2025-04-20 18:16:52', '2025-04-20 18:16:52'),
(1323, 14, 'Soul', '2025-04-20 18:16:52', '2025-04-20 18:16:52'),
(1324, 14, 'Borrego', '2025-04-20 18:16:52', '2025-04-20 18:16:52'),
(1325, 14, 'Forte', '2025-04-20 18:16:52', '2025-04-20 18:16:52'),
(1326, 14, 'Rondo', '2025-04-20 18:16:52', '2025-04-20 18:16:52'),
(1327, 14, 'Optima', '2025-04-20 18:16:52', '2025-04-20 18:16:52'),
(1328, 14, 'Sedona', '2025-04-20 18:16:52', '2025-04-20 18:16:52'),
(1329, 14, 'Sorento', '2025-04-20 18:16:52', '2025-04-20 18:16:52'),
(1330, 14, 'Sportage', '2025-04-20 18:16:52', '2025-04-20 18:16:52'),
(1331, 14, 'Cadenza', '2025-04-20 18:16:52', '2025-04-20 18:16:52'),
(1332, 14, 'K900', '2025-04-20 18:16:52', '2025-04-20 18:16:52'),
(1333, 14, 'Sephia', '2025-04-20 18:16:52', '2025-04-20 18:16:52'),
(1334, 14, 'Spectra', '2025-04-20 18:16:52', '2025-04-20 18:16:52'),
(1335, 14, 'Amanti', '2025-04-20 18:16:52', '2025-04-20 18:16:52'),
(1336, 14, 'Sephia II/Spectra', '2025-04-20 18:16:52', '2025-04-20 18:16:52'),
(1337, 14, 'Forte Koup', '2025-04-20 18:16:52', '2025-04-20 18:16:52'),
(1338, 14, 'Miami', '2025-04-20 18:16:52', '2025-04-20 18:16:52'),
(1339, 14, 'Niro', '2025-04-20 18:16:52', '2025-04-20 18:16:52'),
(1340, 14, 'Stinger', '2025-04-20 18:16:52', '2025-04-20 18:16:52'),
(1341, 14, 'Telluride', '2025-04-20 18:16:52', '2025-04-20 18:16:52'),
(1342, 14, 'Seltos', '2025-04-20 18:16:52', '2025-04-20 18:16:52'),
(1343, 14, 'K5', '2025-04-20 18:16:52', '2025-04-20 18:16:52'),
(1344, 14, 'Carnival', '2025-04-20 18:16:52', '2025-04-20 18:16:52'),
(1345, 14, 'EV6', '2025-04-20 18:16:52', '2025-04-20 18:16:52'),
(1346, 14, 'EV9', '2025-04-20 18:16:52', '2025-04-20 18:16:52'),
(1347, 14, 'Tekiar', '2025-04-20 18:16:52', '2025-04-20 18:16:52'),
(1348, 14, 'K4', '2025-04-20 18:16:52', '2025-04-20 18:16:52'),
(1349, 15, 'Murcielago', '2025-04-20 18:16:53', '2025-04-20 18:16:53'),
(1350, 15, 'Gallardo', '2025-04-20 18:16:53', '2025-04-20 18:16:53'),
(1351, 15, 'Diablo', '2025-04-20 18:16:53', '2025-04-20 18:16:53'),
(1352, 15, '147', '2025-04-20 18:16:53', '2025-04-20 18:16:53'),
(1353, 15, 'Aventador', '2025-04-20 18:16:53', '2025-04-20 18:16:53'),
(1354, 15, 'Huracan', '2025-04-20 18:16:53', '2025-04-20 18:16:53'),
(1355, 15, 'URUS', '2025-04-20 18:16:53', '2025-04-20 18:16:53'),
(1356, 15, 'Roadster', '2025-04-20 18:16:53', '2025-04-20 18:16:53'),
(1357, 15, 'Revuelto', '2025-04-20 18:16:53', '2025-04-20 18:16:53'),
(1358, 16, 'Modelo 1', '2025-04-20 18:16:53', '2025-04-20 18:16:53'),
(1359, 16, 'Modelo 2', '2025-04-20 18:16:53', '2025-04-20 18:16:53'),
(1360, 16, 'Modelo 3', '2025-04-20 18:16:53', '2025-04-20 18:16:53'),
(1361, 16, 'Modelo 4', '2025-04-20 18:16:53', '2025-04-20 18:16:53'),
(1362, 16, 'Modelo 5', '2025-04-20 18:16:53', '2025-04-20 18:16:53'),
(1363, 17, 'GS', '2025-04-20 18:16:54', '2025-04-20 18:16:54'),
(1364, 17, 'LS', '2025-04-20 18:16:54', '2025-04-20 18:16:54'),
(1365, 17, 'SC', '2025-04-20 18:16:54', '2025-04-20 18:16:54'),
(1366, 17, 'IS', '2025-04-20 18:16:54', '2025-04-20 18:16:54'),
(1367, 17, 'LX', '2025-04-20 18:16:54', '2025-04-20 18:16:54'),
(1368, 17, 'RX', '2025-04-20 18:16:54', '2025-04-20 18:16:54'),
(1369, 17, 'GX', '2025-04-20 18:16:54', '2025-04-20 18:16:54'),
(1370, 17, 'ES', '2025-04-20 18:16:54', '2025-04-20 18:16:54'),
(1371, 17, 'CT', '2025-04-20 18:16:54', '2025-04-20 18:16:54'),
(1372, 17, 'HS', '2025-04-20 18:16:54', '2025-04-20 18:16:54'),
(1373, 17, 'RC', '2025-04-20 18:16:54', '2025-04-20 18:16:54'),
(1374, 17, 'LFA', '2025-04-20 18:16:54', '2025-04-20 18:16:54'),
(1375, 17, 'NX', '2025-04-20 18:16:54', '2025-04-20 18:16:54'),
(1376, 17, 'LC', '2025-04-20 18:16:54', '2025-04-20 18:16:54'),
(1377, 17, 'UX', '2025-04-20 18:16:54', '2025-04-20 18:16:54'),
(1378, 17, 'RZ', '2025-04-20 18:16:54', '2025-04-20 18:16:54'),
(1379, 17, 'TX', '2025-04-20 18:16:54', '2025-04-20 18:16:54'),
(1380, 18, 'Tribute', '2025-04-20 18:16:54', '2025-04-20 18:16:54'),
(1381, 18, 'MX-5', '2025-04-20 18:16:54', '2025-04-20 18:16:54'),
(1382, 18, 'RX-8', '2025-04-20 18:16:54', '2025-04-20 18:16:54'),
(1383, 18, 'Mazda3', '2025-04-20 18:16:54', '2025-04-20 18:16:54'),
(1384, 18, 'Mazda5', '2025-04-20 18:16:54', '2025-04-20 18:16:54'),
(1385, 18, 'CX-7', '2025-04-20 18:16:54', '2025-04-20 18:16:54'),
(1386, 18, 'CX-9', '2025-04-20 18:16:54', '2025-04-20 18:16:54'),
(1387, 18, 'Mazda6', '2025-04-20 18:16:54', '2025-04-20 18:16:54'),
(1388, 18, 'Mazda2', '2025-04-20 18:16:54', '2025-04-20 18:16:54'),
(1389, 18, 'MPV', '2025-04-20 18:16:54', '2025-04-20 18:16:54'),
(1390, 18, 'CX-5', '2025-04-20 18:16:54', '2025-04-20 18:16:54'),
(1391, 18, 'B-Series', '2025-04-20 18:16:54', '2025-04-20 18:16:54'),
(1392, 18, 'Protege', '2025-04-20 18:16:54', '2025-04-20 18:16:54'),
(1393, 18, 'Millenia', '2025-04-20 18:16:54', '2025-04-20 18:16:54'),
(1394, 18, '626', '2025-04-20 18:16:54', '2025-04-20 18:16:54'),
(1395, 18, '323', '2025-04-20 18:16:54', '2025-04-20 18:16:54'),
(1396, 18, 'MX-3', '2025-04-20 18:16:54', '2025-04-20 18:16:54'),
(1397, 18, '929', '2025-04-20 18:16:54', '2025-04-20 18:16:54'),
(1398, 18, 'RX-7', '2025-04-20 18:16:54', '2025-04-20 18:16:54'),
(1399, 18, 'MX-6', '2025-04-20 18:16:54', '2025-04-20 18:16:54'),
(1400, 18, 'CX-3', '2025-04-20 18:16:54', '2025-04-20 18:16:54'),
(1401, 18, 'GLC', '2025-04-20 18:16:54', '2025-04-20 18:16:54'),
(1402, 18, 'Navajo', '2025-04-20 18:16:54', '2025-04-20 18:16:54'),
(1403, 18, 'CX-30', '2025-04-20 18:16:54', '2025-04-20 18:16:54'),
(1404, 18, 'MX-30', '2025-04-20 18:16:54', '2025-04-20 18:16:54'),
(1405, 18, 'CX-50', '2025-04-20 18:16:54', '2025-04-20 18:16:54'),
(1406, 18, 'CX-90', '2025-04-20 18:16:54', '2025-04-20 18:16:54'),
(1407, 18, 'CX-70', '2025-04-20 18:16:54', '2025-04-20 18:16:54'),
(1408, 19, 'Sprinter', '2025-04-20 18:16:55', '2025-04-20 18:16:55'),
(1409, 19, 'SL-Class', '2025-04-20 18:16:55', '2025-04-20 18:16:55'),
(1410, 19, 'SLK-Class', '2025-04-20 18:16:55', '2025-04-20 18:16:55'),
(1411, 19, 'E-Class', '2025-04-20 18:16:55', '2025-04-20 18:16:55'),
(1412, 19, 'CLS-Class', '2025-04-20 18:16:55', '2025-04-20 18:16:55'),
(1413, 19, 'CLA-Class', '2025-04-20 18:16:55', '2025-04-20 18:16:55'),
(1414, 19, 'GLA-Class', '2025-04-20 18:16:55', '2025-04-20 18:16:55'),
(1415, 19, 'C-Class', '2025-04-20 18:16:55', '2025-04-20 18:16:55'),
(1416, 19, 'S-Class', '2025-04-20 18:16:55', '2025-04-20 18:16:55'),
(1417, 19, 'SLS-Class', '2025-04-20 18:16:55', '2025-04-20 18:16:55'),
(1418, 19, 'B-Class', '2025-04-20 18:16:55', '2025-04-20 18:16:55'),
(1419, 19, 'M-Class', '2025-04-20 18:16:55', '2025-04-20 18:16:55'),
(1420, 19, 'GL-Class', '2025-04-20 18:16:55', '2025-04-20 18:16:55'),
(1421, 19, 'G-Class', '2025-04-20 18:16:55', '2025-04-20 18:16:55'),
(1422, 19, 'GLK-Class', '2025-04-20 18:16:55', '2025-04-20 18:16:55'),
(1423, 19, 'CL-Class', '2025-04-20 18:16:55', '2025-04-20 18:16:55'),
(1424, 19, 'CLK-Class', '2025-04-20 18:16:55', '2025-04-20 18:16:55'),
(1425, 19, 'SLR McLaren', '2025-04-20 18:16:55', '2025-04-20 18:16:55'),
(1426, 19, 'R-Class', '2025-04-20 18:16:55', '2025-04-20 18:16:55'),
(1427, 19, 'AMG GT', '2025-04-20 18:16:55', '2025-04-20 18:16:55'),
(1428, 19, 'GLC-Class', '2025-04-20 18:16:55', '2025-04-20 18:16:55'),
(1429, 19, 'GLE-Class', '2025-04-20 18:16:55', '2025-04-20 18:16:55'),
(1430, 19, 'Metris', '2025-04-20 18:16:55', '2025-04-20 18:16:55'),
(1431, 19, 'SLC-Class', '2025-04-20 18:16:55', '2025-04-20 18:16:55'),
(1432, 19, 'ML-Class', '2025-04-20 18:16:55', '2025-04-20 18:16:55'),
(1433, 19, 'GLS-Class', '2025-04-20 18:16:55', '2025-04-20 18:16:55'),
(1434, 19, '190', '2025-04-20 18:16:55', '2025-04-20 18:16:55'),
(1435, 19, '300', '2025-04-20 18:16:55', '2025-04-20 18:16:55'),
(1436, 19, '500', '2025-04-20 18:16:55', '2025-04-20 18:16:55'),
(1437, 19, 'L1013', '2025-04-20 18:16:55', '2025-04-20 18:16:55'),
(1438, 19, 'L1113', '2025-04-20 18:16:55', '2025-04-20 18:16:55'),
(1439, 19, 'L1116', '2025-04-20 18:16:55', '2025-04-20 18:16:55'),
(1440, 19, 'L1316', '2025-04-20 18:16:55', '2025-04-20 18:16:55'),
(1441, 19, 'L1418', '2025-04-20 18:16:55', '2025-04-20 18:16:55'),
(1442, 19, 'L1117', '2025-04-20 18:16:55', '2025-04-20 18:16:55'),
(1443, 19, 'L1317', '2025-04-20 18:16:55', '2025-04-20 18:16:55'),
(1444, 19, 'L1419', '2025-04-20 18:16:55', '2025-04-20 18:16:55'),
(1445, 19, 'LP1419', '2025-04-20 18:16:55', '2025-04-20 18:16:55'),
(1446, 19, 'LPS1525', '2025-04-20 18:16:55', '2025-04-20 18:16:55'),
(1447, 19, 'LP1219', '2025-04-20 18:16:55', '2025-04-20 18:16:55'),
(1448, 19, 'L1319', '2025-04-20 18:16:55', '2025-04-20 18:16:55'),
(1449, 19, '280', '2025-04-20 18:16:55', '2025-04-20 18:16:55'),
(1450, 19, '240', '2025-04-20 18:16:55', '2025-04-20 18:16:55'),
(1451, 19, '380', '2025-04-20 18:16:55', '2025-04-20 18:16:55'),
(1452, 19, '400', '2025-04-20 18:16:55', '2025-04-20 18:16:55'),
(1453, 19, '600', '2025-04-20 18:16:55', '2025-04-20 18:16:55'),
(1454, 19, '350', '2025-04-20 18:16:55', '2025-04-20 18:16:55'),
(1455, 19, '420', '2025-04-20 18:16:55', '2025-04-20 18:16:55'),
(1456, 19, '560', '2025-04-20 18:16:55', '2025-04-20 18:16:55'),
(1457, 19, '260', '2025-04-20 18:16:55', '2025-04-20 18:16:55'),
(1458, 19, 'A-Class', '2025-04-20 18:16:55', '2025-04-20 18:16:55'),
(1459, 19, 'GLB-Class', '2025-04-20 18:16:55', '2025-04-20 18:16:55'),
(1460, 19, 'EQC-Class', '2025-04-20 18:16:55', '2025-04-20 18:16:55'),
(1461, 19, 'EQS-Class Sedan', '2025-04-20 18:16:55', '2025-04-20 18:16:55'),
(1462, 19, 'EQE-Class Sedan', '2025-04-20 18:16:55', '2025-04-20 18:16:55'),
(1463, 19, 'EQB-Class', '2025-04-20 18:16:55', '2025-04-20 18:16:55'),
(1464, 19, 'EQS-Class SUV', '2025-04-20 18:16:55', '2025-04-20 18:16:55'),
(1465, 19, 'EQE-Class SUV', '2025-04-20 18:16:55', '2025-04-20 18:16:55'),
(1466, 19, 'eSprinter', '2025-04-20 18:16:55', '2025-04-20 18:16:55'),
(1467, 19, 'CLE', '2025-04-20 18:16:55', '2025-04-20 18:16:55'),
(1468, 20, 'Cooper', '2025-04-20 18:16:55', '2025-04-20 18:16:55'),
(1469, 20, 'Clubman', '2025-04-20 18:16:55', '2025-04-20 18:16:55'),
(1470, 20, 'Cooper Convertible', '2025-04-20 18:16:55', '2025-04-20 18:16:55'),
(1471, 20, 'Hardtop', '2025-04-20 18:16:55', '2025-04-20 18:16:55'),
(1472, 20, 'Countryman', '2025-04-20 18:16:55', '2025-04-20 18:16:55'),
(1473, 20, 'Cooper Coupe', '2025-04-20 18:16:55', '2025-04-20 18:16:55'),
(1474, 20, 'Cooper Roadster', '2025-04-20 18:16:55', '2025-04-20 18:16:55'),
(1475, 20, 'Paceman', '2025-04-20 18:16:55', '2025-04-20 18:16:55'),
(1476, 20, 'Delta Waseca Mini', '2025-04-20 18:16:55', '2025-04-20 18:16:55'),
(1477, 20, 'Carolina Trikes & Minis', '2025-04-20 18:16:55', '2025-04-20 18:16:55'),
(1478, 20, 'Mobile Frac Storage Tank', '2025-04-20 18:16:55', '2025-04-20 18:16:55');
INSERT INTO `modelos` (`id`, `id_marca`, `nombre`, `created_at`, `updated_at`) VALUES
(1479, 20, 'ODB Trailer', '2025-04-20 18:16:55', '2025-04-20 18:16:55'),
(1480, 20, 'Mobile Mini Inc.', '2025-04-20 18:16:55', '2025-04-20 18:16:55'),
(1481, 20, 'Minitears Company', '2025-04-20 18:16:55', '2025-04-20 18:16:55'),
(1482, 20, 'Dominight LLC', '2025-04-20 18:16:55', '2025-04-20 18:16:55'),
(1483, 20, 'Miller', '2025-04-20 18:16:55', '2025-04-20 18:16:55'),
(1484, 20, 'Santa Barbara', '2025-04-20 18:16:55', '2025-04-20 18:16:55'),
(1485, 20, 'Pete', '2025-04-20 18:16:55', '2025-04-20 18:16:55'),
(1486, 20, 'KW', '2025-04-20 18:16:55', '2025-04-20 18:16:55'),
(1487, 20, 'FL', '2025-04-20 18:16:55', '2025-04-20 18:16:55'),
(1488, 20, 'Mack', '2025-04-20 18:16:55', '2025-04-20 18:16:55'),
(1489, 20, 'Pony', '2025-04-20 18:16:55', '2025-04-20 18:16:55'),
(1490, 20, 'MiniMixx', '2025-04-20 18:16:55', '2025-04-20 18:16:55'),
(1491, 20, 'GEMINI AUTO & TRAILER INC', '2025-04-20 18:16:55', '2025-04-20 18:16:55'),
(1492, 20, 'Dominion Motorcycle', '2025-04-20 18:16:55', '2025-04-20 18:16:55'),
(1493, 20, 'My Mini Trailer LLC.', '2025-04-20 18:16:55', '2025-04-20 18:16:55'),
(1494, 20, 'Los Lobos Mini Choppers, LLC', '2025-04-20 18:16:55', '2025-04-20 18:16:55'),
(1495, 20, 'MiniKamp', '2025-04-20 18:16:55', '2025-04-20 18:16:55'),
(1496, 20, 'R.V. Mini Mart, Inc.', '2025-04-20 18:16:55', '2025-04-20 18:16:55'),
(1497, 20, 'MINI MONSOON', '2025-04-20 18:16:55', '2025-04-20 18:16:55'),
(1498, 20, 'Brockway Mini Homes', '2025-04-20 18:16:55', '2025-04-20 18:16:55'),
(1499, 21, 'GT-R', '2025-04-20 18:16:56', '2025-04-20 18:16:56'),
(1500, 21, 'Versa', '2025-04-20 18:16:56', '2025-04-20 18:16:56'),
(1501, 21, 'Versa Note', '2025-04-20 18:16:56', '2025-04-20 18:16:56'),
(1502, 21, 'Altima', '2025-04-20 18:16:56', '2025-04-20 18:16:56'),
(1503, 21, 'Leaf', '2025-04-20 18:16:56', '2025-04-20 18:16:56'),
(1504, 21, '370Z', '2025-04-20 18:16:56', '2025-04-20 18:16:56'),
(1505, 21, 'Sentra', '2025-04-20 18:16:56', '2025-04-20 18:16:56'),
(1506, 21, 'Pathfinder', '2025-04-20 18:16:56', '2025-04-20 18:16:56'),
(1507, 21, 'Juke', '2025-04-20 18:16:56', '2025-04-20 18:16:56'),
(1508, 21, 'Rogue', '2025-04-20 18:16:56', '2025-04-20 18:16:56'),
(1509, 21, 'Murano', '2025-04-20 18:16:56', '2025-04-20 18:16:56'),
(1510, 21, 'Armada', '2025-04-20 18:16:56', '2025-04-20 18:16:56'),
(1511, 21, 'Xterra', '2025-04-20 18:16:56', '2025-04-20 18:16:56'),
(1512, 21, 'Quest', '2025-04-20 18:16:56', '2025-04-20 18:16:56'),
(1513, 21, 'NV200', '2025-04-20 18:16:56', '2025-04-20 18:16:56'),
(1514, 21, 'Frontier', '2025-04-20 18:16:56', '2025-04-20 18:16:56'),
(1515, 21, 'Titan', '2025-04-20 18:16:56', '2025-04-20 18:16:56'),
(1516, 21, 'NV', '2025-04-20 18:16:56', '2025-04-20 18:16:56'),
(1517, 21, 'Maxima', '2025-04-20 18:16:56', '2025-04-20 18:16:56'),
(1518, 21, '350Z', '2025-04-20 18:16:56', '2025-04-20 18:16:56'),
(1519, 21, 'X-Trail', '2025-04-20 18:16:56', '2025-04-20 18:16:56'),
(1520, 21, 'Cube', '2025-04-20 18:16:56', '2025-04-20 18:16:56'),
(1521, 21, '240SX', '2025-04-20 18:16:56', '2025-04-20 18:16:56'),
(1522, 21, '300ZX', '2025-04-20 18:16:56', '2025-04-20 18:16:56'),
(1523, 21, 'Pickup', '2025-04-20 18:16:56', '2025-04-20 18:16:56'),
(1524, 21, 'Altra-EV', '2025-04-20 18:16:56', '2025-04-20 18:16:56'),
(1525, 21, 'NX', '2025-04-20 18:16:56', '2025-04-20 18:16:56'),
(1526, 21, 'Stanza', '2025-04-20 18:16:56', '2025-04-20 18:16:56'),
(1527, 21, 'Axxess', '2025-04-20 18:16:56', '2025-04-20 18:16:56'),
(1528, 21, 'PULSAR', '2025-04-20 18:16:56', '2025-04-20 18:16:56'),
(1529, 21, 'Van', '2025-04-20 18:16:56', '2025-04-20 18:16:56'),
(1530, 21, 'Stanza Wagon', '2025-04-20 18:16:56', '2025-04-20 18:16:56'),
(1531, 21, '200SX', '2025-04-20 18:16:56', '2025-04-20 18:16:56'),
(1532, 21, 'Rogue Sport', '2025-04-20 18:16:56', '2025-04-20 18:16:56'),
(1533, 21, 'Sentra Classic', '2025-04-20 18:16:56', '2025-04-20 18:16:56'),
(1534, 21, 'Altra', '2025-04-20 18:16:56', '2025-04-20 18:16:56'),
(1535, 21, 'Micra', '2025-04-20 18:16:56', '2025-04-20 18:16:56'),
(1536, 21, 'Rogue Select', '2025-04-20 18:16:56', '2025-04-20 18:16:56'),
(1537, 21, 'Kicks', '2025-04-20 18:16:56', '2025-04-20 18:16:56'),
(1538, 21, 'NISSAN Z', '2025-04-20 18:16:56', '2025-04-20 18:16:56'),
(1539, 21, 'ARIYA', '2025-04-20 18:16:56', '2025-04-20 18:16:56'),
(1540, 21, 'Kicks Play', '2025-04-20 18:16:56', '2025-04-20 18:16:56'),
(1541, 21, 'Kicks MPV', '2025-04-20 18:16:56', '2025-04-20 18:16:56'),
(1542, 22, 'Ampera', '2025-04-20 18:16:56', '2025-04-20 18:16:56'),
(1543, 22, 'Roadster', '2025-04-20 18:16:56', '2025-04-20 18:16:56'),
(1544, 22, 'Opel', '2025-04-20 18:16:56', '2025-04-20 18:16:56'),
(1545, 22, 'Sintra', '2025-04-20 18:16:56', '2025-04-20 18:16:56'),
(1546, 22, 'Ampera-e', '2025-04-20 18:16:56', '2025-04-20 18:16:56'),
(1547, 22, 'Ampera-e EV', '2025-04-20 18:16:56', '2025-04-20 18:16:56'),
(1548, 22, 'PROPEL ', '2025-04-20 18:16:56', '2025-04-20 18:16:56'),
(1549, 22, 'Propell', '2025-04-20 18:16:56', '2025-04-20 18:16:56'),
(1550, 23, '505', '2025-04-20 18:16:57', '2025-04-20 18:16:57'),
(1551, 23, '405', '2025-04-20 18:16:57', '2025-04-20 18:16:57'),
(1552, 23, '604', '2025-04-20 18:16:57', '2025-04-20 18:16:57'),
(1553, 23, '504', '2025-04-20 18:16:57', '2025-04-20 18:16:57'),
(1554, 23, 'Speedfight2', '2025-04-20 18:16:57', '2025-04-20 18:16:57'),
(1555, 23, 'Vivacity', '2025-04-20 18:16:57', '2025-04-20 18:16:57'),
(1556, 23, 'Looxor', '2025-04-20 18:16:57', '2025-04-20 18:16:57'),
(1557, 23, 'Trekker', '2025-04-20 18:16:57', '2025-04-20 18:16:57'),
(1558, 24, '911', '2025-04-20 18:16:57', '2025-04-20 18:16:57'),
(1559, 24, 'Boxster', '2025-04-20 18:16:57', '2025-04-20 18:16:57'),
(1560, 24, 'Cayenne', '2025-04-20 18:16:57', '2025-04-20 18:16:57'),
(1561, 24, 'Cayman', '2025-04-20 18:16:57', '2025-04-20 18:16:57'),
(1562, 24, 'Panamera', '2025-04-20 18:16:57', '2025-04-20 18:16:57'),
(1563, 24, '918', '2025-04-20 18:16:57', '2025-04-20 18:16:57'),
(1564, 24, 'Macan', '2025-04-20 18:16:57', '2025-04-20 18:16:57'),
(1565, 24, '944', '2025-04-20 18:16:57', '2025-04-20 18:16:57'),
(1566, 24, '928', '2025-04-20 18:16:57', '2025-04-20 18:16:57'),
(1567, 24, '924', '2025-04-20 18:16:57', '2025-04-20 18:16:57'),
(1568, 24, '968', '2025-04-20 18:16:57', '2025-04-20 18:16:57'),
(1569, 24, 'Taycan', '2025-04-20 18:16:57', '2025-04-20 18:16:57'),
(1570, 24, '718 Boxster', '2025-04-20 18:16:57', '2025-04-20 18:16:57'),
(1571, 24, '718 Spyder', '2025-04-20 18:16:57', '2025-04-20 18:16:57'),
(1572, 24, '718 Cayman', '2025-04-20 18:16:57', '2025-04-20 18:16:57'),
(1573, 25, 'Modelo 1', '2025-04-20 18:16:58', '2025-04-20 18:16:58'),
(1574, 25, 'Modelo 2', '2025-04-20 18:16:58', '2025-04-20 18:16:58'),
(1575, 25, 'Modelo 3', '2025-04-20 18:16:58', '2025-04-20 18:16:58'),
(1576, 25, 'Modelo 4', '2025-04-20 18:16:58', '2025-04-20 18:16:58'),
(1577, 25, 'Modelo 5', '2025-04-20 18:16:58', '2025-04-20 18:16:58'),
(1578, 26, 'Modelo 1', '2025-04-20 18:16:58', '2025-04-20 18:16:58'),
(1579, 26, 'Modelo 2', '2025-04-20 18:16:58', '2025-04-20 18:16:58'),
(1580, 26, 'Modelo 3', '2025-04-20 18:16:58', '2025-04-20 18:16:58'),
(1581, 26, 'Modelo 4', '2025-04-20 18:16:58', '2025-04-20 18:16:58'),
(1582, 26, 'Modelo 5', '2025-04-20 18:16:58', '2025-04-20 18:16:58'),
(1583, 27, 'Modelo 1', '2025-04-20 18:16:59', '2025-04-20 18:16:59'),
(1584, 27, 'Modelo 2', '2025-04-20 18:16:59', '2025-04-20 18:16:59'),
(1585, 27, 'Modelo 3', '2025-04-20 18:16:59', '2025-04-20 18:16:59'),
(1586, 27, 'Modelo 4', '2025-04-20 18:16:59', '2025-04-20 18:16:59'),
(1587, 27, 'Modelo 5', '2025-04-20 18:16:59', '2025-04-20 18:16:59'),
(1588, 28, 'Model S', '2025-04-20 18:16:59', '2025-04-20 18:16:59'),
(1589, 28, 'Roadster', '2025-04-20 18:16:59', '2025-04-20 18:16:59'),
(1590, 28, 'Model X', '2025-04-20 18:16:59', '2025-04-20 18:16:59'),
(1591, 28, 'Model 3', '2025-04-20 18:16:59', '2025-04-20 18:16:59'),
(1592, 28, 'Model Y', '2025-04-20 18:16:59', '2025-04-20 18:16:59'),
(1593, 28, 'Semi', '2025-04-20 18:16:59', '2025-04-20 18:16:59'),
(1594, 28, 'Cybertruck', '2025-04-20 18:16:59', '2025-04-20 18:16:59'),
(1595, 29, 'Scion xA', '2025-04-20 18:17:00', '2025-04-20 18:17:00'),
(1596, 29, 'Scion tC', '2025-04-20 18:17:00', '2025-04-20 18:17:00'),
(1597, 29, 'Corolla', '2025-04-20 18:17:00', '2025-04-20 18:17:00'),
(1598, 29, 'Prius', '2025-04-20 18:17:00', '2025-04-20 18:17:00'),
(1599, 29, 'Scion xB', '2025-04-20 18:17:00', '2025-04-20 18:17:00'),
(1600, 29, 'Land Cruiser', '2025-04-20 18:17:00', '2025-04-20 18:17:00'),
(1601, 29, 'Highlander', '2025-04-20 18:17:00', '2025-04-20 18:17:00'),
(1602, 29, '4-Runner', '2025-04-20 18:17:00', '2025-04-20 18:17:00'),
(1603, 29, 'RAV4', '2025-04-20 18:17:00', '2025-04-20 18:17:00'),
(1604, 29, 'Tacoma', '2025-04-20 18:17:00', '2025-04-20 18:17:00'),
(1605, 29, 'Scion FR-S', '2025-04-20 18:17:00', '2025-04-20 18:17:00'),
(1606, 29, 'FJ Cruiser', '2025-04-20 18:17:00', '2025-04-20 18:17:00'),
(1607, 29, 'Yaris', '2025-04-20 18:17:00', '2025-04-20 18:17:00'),
(1608, 29, 'Avalon', '2025-04-20 18:17:00', '2025-04-20 18:17:00'),
(1609, 29, 'Corolla Matrix', '2025-04-20 18:17:00', '2025-04-20 18:17:00'),
(1610, 29, 'Tundra', '2025-04-20 18:17:00', '2025-04-20 18:17:00'),
(1611, 29, 'Sienna', '2025-04-20 18:17:00', '2025-04-20 18:17:00'),
(1612, 29, 'Camry', '2025-04-20 18:17:00', '2025-04-20 18:17:00'),
(1613, 29, 'Camry Solara', '2025-04-20 18:17:00', '2025-04-20 18:17:00'),
(1614, 29, 'Sequoia', '2025-04-20 18:17:00', '2025-04-20 18:17:00'),
(1615, 29, 'Scion xD', '2025-04-20 18:17:00', '2025-04-20 18:17:00'),
(1616, 29, 'Venza', '2025-04-20 18:17:00', '2025-04-20 18:17:00'),
(1617, 29, 'FCHV-adv', '2025-04-20 18:17:00', '2025-04-20 18:17:00'),
(1618, 29, 'Tercel', '2025-04-20 18:17:00', '2025-04-20 18:17:00'),
(1619, 29, 'Celica', '2025-04-20 18:17:00', '2025-04-20 18:17:00'),
(1620, 29, 'Supra', '2025-04-20 18:17:00', '2025-04-20 18:17:00'),
(1621, 29, 'MR2', '2025-04-20 18:17:00', '2025-04-20 18:17:00'),
(1622, 29, 'Paseo', '2025-04-20 18:17:00', '2025-04-20 18:17:00'),
(1623, 29, 'Echo', '2025-04-20 18:17:00', '2025-04-20 18:17:00'),
(1624, 29, 'Cressida', '2025-04-20 18:17:00', '2025-04-20 18:17:00'),
(1625, 29, 'Cargo Van', '2025-04-20 18:17:00', '2025-04-20 18:17:00'),
(1626, 29, 'Previa', '2025-04-20 18:17:00', '2025-04-20 18:17:00'),
(1627, 29, 'T100', '2025-04-20 18:17:00', '2025-04-20 18:17:00'),
(1628, 29, 'Mirai', '2025-04-20 18:17:00', '2025-04-20 18:17:00'),
(1629, 29, 'Scion iQ', '2025-04-20 18:17:00', '2025-04-20 18:17:00'),
(1630, 29, 'Scion iM', '2025-04-20 18:17:00', '2025-04-20 18:17:00'),
(1631, 29, '86', '2025-04-20 18:17:00', '2025-04-20 18:17:00'),
(1632, 29, 'Scion iA', '2025-04-20 18:17:00', '2025-04-20 18:17:00'),
(1633, 29, 'Prius V', '2025-04-20 18:17:00', '2025-04-20 18:17:00'),
(1634, 29, 'Prius C', '2025-04-20 18:17:00', '2025-04-20 18:17:00'),
(1635, 29, 'Prius PHEV', '2025-04-20 18:17:00', '2025-04-20 18:17:00'),
(1636, 29, 'Pick-Up', '2025-04-20 18:17:00', '2025-04-20 18:17:00'),
(1637, 29, 'Van', '2025-04-20 18:17:00', '2025-04-20 18:17:00'),
(1638, 29, 'Starlet', '2025-04-20 18:17:00', '2025-04-20 18:17:00'),
(1639, 29, 'Corona', '2025-04-20 18:17:00', '2025-04-20 18:17:00'),
(1640, 29, 'COROLLA iM', '2025-04-20 18:17:00', '2025-04-20 18:17:00'),
(1641, 29, 'C-HR', '2025-04-20 18:17:00', '2025-04-20 18:17:00'),
(1642, 29, 'Prius Prime', '2025-04-20 18:17:00', '2025-04-20 18:17:00'),
(1643, 29, 'Yaris iA', '2025-04-20 18:17:00', '2025-04-20 18:17:00'),
(1644, 29, 'RAV4 Prime', '2025-04-20 18:17:00', '2025-04-20 18:17:00'),
(1645, 29, 'Corolla Cross', '2025-04-20 18:17:00', '2025-04-20 18:17:00'),
(1646, 29, 'GR86', '2025-04-20 18:17:00', '2025-04-20 18:17:00'),
(1647, 29, 'bZ4X', '2025-04-20 18:17:00', '2025-04-20 18:17:00'),
(1648, 29, 'Crown', '2025-04-20 18:17:00', '2025-04-20 18:17:00'),
(1649, 29, 'GR Corolla', '2025-04-20 18:17:00', '2025-04-20 18:17:00'),
(1650, 29, 'Grand Highlander', '2025-04-20 18:17:00', '2025-04-20 18:17:00'),
(1651, 29, 'Crown Signia', '2025-04-20 18:17:00', '2025-04-20 18:17:00'),
(1652, 29, 'RAV4 PHEV', '2025-04-20 18:17:00', '2025-04-20 18:17:00'),
(1653, 30, 'Routan', '2025-04-20 18:17:00', '2025-04-20 18:17:00'),
(1654, 30, 'Golf', '2025-04-20 18:17:00', '2025-04-20 18:17:00'),
(1655, 30, 'Passat', '2025-04-20 18:17:00', '2025-04-20 18:17:00'),
(1656, 30, 'Phaeton', '2025-04-20 18:17:00', '2025-04-20 18:17:00'),
(1657, 30, 'Touareg', '2025-04-20 18:17:00', '2025-04-20 18:17:00'),
(1658, 30, 'Jetta', '2025-04-20 18:17:00', '2025-04-20 18:17:00'),
(1659, 30, 'GTI', '2025-04-20 18:17:00', '2025-04-20 18:17:00'),
(1660, 30, 'R32', '2025-04-20 18:17:00', '2025-04-20 18:17:00'),
(1661, 30, 'Jetta Wagon', '2025-04-20 18:17:00', '2025-04-20 18:17:00'),
(1662, 30, 'Rabbit', '2025-04-20 18:17:00', '2025-04-20 18:17:00'),
(1663, 30, 'Eos', '2025-04-20 18:17:00', '2025-04-20 18:17:00'),
(1664, 30, 'Golf SportWagen', '2025-04-20 18:17:00', '2025-04-20 18:17:00'),
(1665, 30, 'Golf III', '2025-04-20 18:17:00', '2025-04-20 18:17:00'),
(1666, 30, 'Corrado', '2025-04-20 18:17:00', '2025-04-20 18:17:00'),
(1667, 30, 'EuroVan', '2025-04-20 18:17:00', '2025-04-20 18:17:00'),
(1668, 30, 'e-Golf', '2025-04-20 18:17:00', '2025-04-20 18:17:00'),
(1669, 30, 'Beetle', '2025-04-20 18:17:00', '2025-04-20 18:17:00'),
(1670, 30, 'CC', '2025-04-20 18:17:00', '2025-04-20 18:17:00'),
(1671, 30, 'Tiguan', '2025-04-20 18:17:00', '2025-04-20 18:17:00'),
(1672, 30, 'Jetta SportWagen', '2025-04-20 18:17:00', '2025-04-20 18:17:00'),
(1673, 30, 'Cabrio', '2025-04-20 18:17:00', '2025-04-20 18:17:00'),
(1674, 30, 'Golf GTI', '2025-04-20 18:17:00', '2025-04-20 18:17:00'),
(1675, 30, 'Golf R', '2025-04-20 18:17:00', '2025-04-20 18:17:00'),
(1676, 30, 'CABRIOLET', '2025-04-20 18:17:00', '2025-04-20 18:17:00'),
(1677, 30, 'FOX', '2025-04-20 18:17:00', '2025-04-20 18:17:00'),
(1678, 30, 'Quantum', '2025-04-20 18:17:00', '2025-04-20 18:17:00'),
(1679, 30, 'Scirocco', '2025-04-20 18:17:00', '2025-04-20 18:17:00'),
(1680, 30, 'Vanagon', '2025-04-20 18:17:00', '2025-04-20 18:17:00'),
(1681, 30, 'Dasher', '2025-04-20 18:17:00', '2025-04-20 18:17:00'),
(1682, 30, 'KOMBI', '2025-04-20 18:17:00', '2025-04-20 18:17:00'),
(1683, 30, 'Atlas', '2025-04-20 18:17:00', '2025-04-20 18:17:00'),
(1684, 30, 'Golf Alltrack', '2025-04-20 18:17:00', '2025-04-20 18:17:00'),
(1685, 30, 'Tiguan Limited', '2025-04-20 18:17:00', '2025-04-20 18:17:00'),
(1686, 30, 'Arteon', '2025-04-20 18:17:00', '2025-04-20 18:17:00'),
(1687, 30, 'GLI', '2025-04-20 18:17:00', '2025-04-20 18:17:00'),
(1688, 30, 'Atlas Cross Sport', '2025-04-20 18:17:00', '2025-04-20 18:17:00'),
(1689, 30, 'ID.4', '2025-04-20 18:17:00', '2025-04-20 18:17:00'),
(1690, 30, 'Taos', '2025-04-20 18:17:00', '2025-04-20 18:17:00'),
(1691, 30, 'Jetta GLI', '2025-04-20 18:17:00', '2025-04-20 18:17:00'),
(1692, 30, 'ID. Buzz', '2025-04-20 18:17:00', '2025-04-20 18:17:00'),
(1693, 31, 'S60', '2025-04-20 18:17:01', '2025-04-20 18:17:01'),
(1694, 31, 'S80', '2025-04-20 18:17:01', '2025-04-20 18:17:01'),
(1695, 31, 'V60', '2025-04-20 18:17:01', '2025-04-20 18:17:01'),
(1696, 31, 'XC60', '2025-04-20 18:17:01', '2025-04-20 18:17:01'),
(1697, 31, 'XC70', '2025-04-20 18:17:01', '2025-04-20 18:17:01'),
(1698, 31, 'VHD', '2025-04-20 18:17:01', '2025-04-20 18:17:01'),
(1699, 31, 'VNM', '2025-04-20 18:17:01', '2025-04-20 18:17:01'),
(1700, 31, 'VNL', '2025-04-20 18:17:01', '2025-04-20 18:17:01'),
(1701, 31, 'VAH', '2025-04-20 18:17:01', '2025-04-20 18:17:01'),
(1702, 31, 'VNX', '2025-04-20 18:17:01', '2025-04-20 18:17:01'),
(1703, 31, 'VT', '2025-04-20 18:17:01', '2025-04-20 18:17:01'),
(1704, 31, 'FM10', '2025-04-20 18:17:01', '2025-04-20 18:17:01'),
(1705, 31, 'S40', '2025-04-20 18:17:01', '2025-04-20 18:17:01'),
(1706, 31, 'V50', '2025-04-20 18:17:01', '2025-04-20 18:17:01'),
(1707, 31, 'C70', '2025-04-20 18:17:01', '2025-04-20 18:17:01'),
(1708, 31, 'V70', '2025-04-20 18:17:01', '2025-04-20 18:17:01'),
(1709, 31, 'XC90', '2025-04-20 18:17:01', '2025-04-20 18:17:01'),
(1710, 31, 'C30', '2025-04-20 18:17:01', '2025-04-20 18:17:01'),
(1711, 31, '9700', '2025-04-20 18:17:01', '2025-04-20 18:17:01'),
(1712, 31, '940 Series', '2025-04-20 18:17:01', '2025-04-20 18:17:01'),
(1713, 31, '960 Series', '2025-04-20 18:17:01', '2025-04-20 18:17:01'),
(1714, 31, '850 Series', '2025-04-20 18:17:01', '2025-04-20 18:17:01'),
(1715, 31, 'WX', '2025-04-20 18:17:01', '2025-04-20 18:17:01'),
(1716, 31, 'WHL', '2025-04-20 18:17:01', '2025-04-20 18:17:01'),
(1717, 31, 'WXLL', '2025-04-20 18:17:01', '2025-04-20 18:17:01'),
(1718, 31, 'WG', '2025-04-20 18:17:01', '2025-04-20 18:17:01'),
(1719, 31, 'WHR', '2025-04-20 18:17:01', '2025-04-20 18:17:01'),
(1720, 31, 'WHLB', '2025-04-20 18:17:01', '2025-04-20 18:17:01'),
(1721, 31, 'WHEB', '2025-04-20 18:17:01', '2025-04-20 18:17:01'),
(1722, 31, 'WAH', '2025-04-20 18:17:01', '2025-04-20 18:17:01'),
(1723, 31, 'ACL', '2025-04-20 18:17:01', '2025-04-20 18:17:01'),
(1724, 31, 'WXLM', '2025-04-20 18:17:01', '2025-04-20 18:17:01'),
(1725, 31, 'WCA', '2025-04-20 18:17:01', '2025-04-20 18:17:01'),
(1726, 31, 'WIA', '2025-04-20 18:17:01', '2025-04-20 18:17:01'),
(1727, 31, 'CACL', '2025-04-20 18:17:01', '2025-04-20 18:17:01'),
(1728, 31, 'FE', '2025-04-20 18:17:01', '2025-04-20 18:17:01'),
(1729, 31, 'CWG', '2025-04-20 18:17:01', '2025-04-20 18:17:01'),
(1730, 31, 'NE64', '2025-04-20 18:17:01', '2025-04-20 18:17:01'),
(1731, 31, 'NR64', '2025-04-20 18:17:01', '2025-04-20 18:17:01'),
(1732, 31, 'VN', '2025-04-20 18:17:01', '2025-04-20 18:17:01'),
(1733, 31, 'NE42', '2025-04-20 18:17:01', '2025-04-20 18:17:01'),
(1734, 31, 'VNC', '2025-04-20 18:17:01', '2025-04-20 18:17:01'),
(1735, 31, 'FML', '2025-04-20 18:17:01', '2025-04-20 18:17:01'),
(1736, 31, 'WXR', '2025-04-20 18:17:01', '2025-04-20 18:17:01'),
(1737, 31, 'V60CC', '2025-04-20 18:17:01', '2025-04-20 18:17:01'),
(1738, 31, 'S60 Cross Country', '2025-04-20 18:17:01', '2025-04-20 18:17:01'),
(1739, 31, 'S90', '2025-04-20 18:17:01', '2025-04-20 18:17:01'),
(1740, 31, 'V90', '2025-04-20 18:17:01', '2025-04-20 18:17:01'),
(1741, 31, 'V90CC', '2025-04-20 18:17:01', '2025-04-20 18:17:01'),
(1742, 31, 'CNE', '2025-04-20 18:17:01', '2025-04-20 18:17:01'),
(1743, 31, 'NE', '2025-04-20 18:17:01', '2025-04-20 18:17:01'),
(1744, 31, 'NR', '2025-04-20 18:17:01', '2025-04-20 18:17:01'),
(1745, 31, 'CNR', '2025-04-20 18:17:01', '2025-04-20 18:17:01'),
(1746, 31, '240 Series', '2025-04-20 18:17:01', '2025-04-20 18:17:01'),
(1747, 31, '740 Series', '2025-04-20 18:17:01', '2025-04-20 18:17:01'),
(1748, 31, '780 Series', '2025-04-20 18:17:01', '2025-04-20 18:17:01'),
(1749, 31, '760 Series', '2025-04-20 18:17:01', '2025-04-20 18:17:01'),
(1750, 31, 'B10M', '2025-04-20 18:17:01', '2025-04-20 18:17:01'),
(1751, 31, 'V40', '2025-04-20 18:17:01', '2025-04-20 18:17:01'),
(1752, 31, 'S70', '2025-04-20 18:17:01', '2025-04-20 18:17:01'),
(1753, 31, 'Cab Over Engine HT', '2025-04-20 18:17:01', '2025-04-20 18:17:01'),
(1754, 31, 'Cab Over Engine LT', '2025-04-20 18:17:01', '2025-04-20 18:17:01'),
(1755, 31, 'F12 w/F7 Cab', '2025-04-20 18:17:01', '2025-04-20 18:17:01'),
(1756, 31, 'F6 w/F7 Cab', '2025-04-20 18:17:01', '2025-04-20 18:17:01'),
(1757, 31, 'Cab Behind Engine', '2025-04-20 18:17:01', '2025-04-20 18:17:01'),
(1758, 31, 'Volvo Trailers', '2025-04-20 18:17:01', '2025-04-20 18:17:01'),
(1759, 31, '260 Series', '2025-04-20 18:17:01', '2025-04-20 18:17:01'),
(1760, 31, 'VNR', '2025-04-20 18:17:01', '2025-04-20 18:17:01'),
(1761, 31, 'XC40', '2025-04-20 18:17:01', '2025-04-20 18:17:01'),
(1762, 31, 'VS', '2025-04-20 18:17:01', '2025-04-20 18:17:01'),
(1763, 31, 'C70 / C30', '2025-04-20 18:17:01', '2025-04-20 18:17:01'),
(1764, 31, 'C40', '2025-04-20 18:17:01', '2025-04-20 18:17:01'),
(1765, 31, 'B12R', '2025-04-20 18:17:01', '2025-04-20 18:17:01'),
(1766, 31, 'B7R', '2025-04-20 18:17:01', '2025-04-20 18:17:01'),
(1767, 31, 'B12B', '2025-04-20 18:17:01', '2025-04-20 18:17:01'),
(1768, 31, 'B12M', '2025-04-20 18:17:01', '2025-04-20 18:17:01'),
(1769, 31, 'B9TL', '2025-04-20 18:17:01', '2025-04-20 18:17:01'),
(1770, 31, 'B9R', '2025-04-20 18:17:01', '2025-04-20 18:17:01'),
(1771, 31, 'B9S', '2025-04-20 18:17:01', '2025-04-20 18:17:01'),
(1772, 31, 'B9L', '2025-04-20 18:17:01', '2025-04-20 18:17:01'),
(1773, 31, 'BXR', '2025-04-20 18:17:01', '2025-04-20 18:17:01'),
(1774, 31, 'B5R', '2025-04-20 18:17:01', '2025-04-20 18:17:01'),
(1775, 31, 'BRLH', '2025-04-20 18:17:01', '2025-04-20 18:17:01'),
(1776, 31, 'BXXR', '2025-04-20 18:17:01', '2025-04-20 18:17:01'),
(1777, 31, 'BFE', '2025-04-20 18:17:01', '2025-04-20 18:17:01'),
(1778, 31, 'BXRB', '2025-04-20 18:17:01', '2025-04-20 18:17:01'),
(1779, 31, 'B8R', '2025-04-20 18:17:01', '2025-04-20 18:17:01'),
(1780, 31, 'BRH', '2025-04-20 18:17:01', '2025-04-20 18:17:01'),
(1781, 31, 'B5TL', '2025-04-20 18:17:01', '2025-04-20 18:17:01'),
(1782, 31, 'BE', '2025-04-20 18:17:01', '2025-04-20 18:17:01'),
(1783, 31, 'B8L', '2025-04-20 18:17:01', '2025-04-20 18:17:01'),
(1784, 31, 'B13R', '2025-04-20 18:17:01', '2025-04-20 18:17:01'),
(1785, 31, 'NEW VNL', '2025-04-20 18:17:01', '2025-04-20 18:17:01'),
(1786, 31, 'EX30', '2025-04-20 18:17:01', '2025-04-20 18:17:01'),
(1787, 31, 'EX90', '2025-04-20 18:17:01', '2025-04-20 18:17:01'),
(1788, 31, 'EC40', '2025-04-20 18:17:01', '2025-04-20 18:17:01'),
(1789, 31, 'EX40', '2025-04-20 18:17:01', '2025-04-20 18:17:01'),
(1790, 31, 'New VNR', '2025-04-20 18:17:01', '2025-04-20 18:17:01');

-- --------------------------------------------------------

--
-- Estructura de tabla para la tabla `model_has_permissions`
--

CREATE TABLE `model_has_permissions` (
  `permission_id` bigint(20) UNSIGNED NOT NULL,
  `model_type` varchar(255) NOT NULL,
  `model_id` bigint(20) UNSIGNED NOT NULL
) ENGINE=InnoDB DEFAULT CHARSET=utf8mb4 COLLATE=utf8mb4_unicode_ci;

-- --------------------------------------------------------

--
-- Estructura de tabla para la tabla `model_has_roles`
--

CREATE TABLE `model_has_roles` (
  `role_id` bigint(20) UNSIGNED NOT NULL,
  `model_type` varchar(255) NOT NULL,
  `model_id` bigint(20) UNSIGNED NOT NULL
) ENGINE=InnoDB DEFAULT CHARSET=utf8mb4 COLLATE=utf8mb4_unicode_ci;

--
-- Volcado de datos para la tabla `model_has_roles`
--

INSERT INTO `model_has_roles` (`role_id`, `model_type`, `model_id`) VALUES
(1, 'App\\Models\\User', 1),
(2, 'App\\Models\\User', 2),
(3, 'App\\Models\\User', 2);

-- --------------------------------------------------------

--
-- Estructura de tabla para la tabla `password_reset_tokens`
--

CREATE TABLE `password_reset_tokens` (
  `email` varchar(255) NOT NULL,
  `token` varchar(255) NOT NULL,
  `created_at` timestamp NULL DEFAULT NULL
) ENGINE=InnoDB DEFAULT CHARSET=utf8mb4 COLLATE=utf8mb4_unicode_ci;

-- --------------------------------------------------------

--
-- Estructura de tabla para la tabla `permissions`
--

CREATE TABLE `permissions` (
  `id` bigint(20) UNSIGNED NOT NULL,
  `name` varchar(255) NOT NULL,
  `guard_name` varchar(255) NOT NULL,
  `created_at` timestamp NULL DEFAULT NULL,
  `updated_at` timestamp NULL DEFAULT NULL
) ENGINE=InnoDB DEFAULT CHARSET=utf8mb4 COLLATE=utf8mb4_unicode_ci;

--
-- Volcado de datos para la tabla `permissions`
--

INSERT INTO `permissions` (`id`, `name`, `guard_name`, `created_at`, `updated_at`) VALUES
(1, 'gestionar usuarios', 'web', '2025-04-20 18:16:43', '2025-04-20 18:16:43'),
(2, 'ver usuarios', 'web', '2025-04-20 18:16:43', '2025-04-20 18:16:43'),
(3, 'editar usuarios', 'web', '2025-04-20 18:16:43', '2025-04-20 18:16:43'),
(4, 'eliminar usuarios', 'web', '2025-04-20 18:16:43', '2025-04-20 18:16:43'),
(5, 'gestionar anuncios', 'web', '2025-04-20 18:16:43', '2025-04-20 18:16:43'),
(6, 'publicar anuncio', 'web', '2025-04-20 18:16:43', '2025-04-20 18:16:43'),
(7, 'editar anuncio', 'web', '2025-04-20 18:16:43', '2025-04-20 18:16:43'),
(8, 'eliminar anuncio', 'web', '2025-04-20 18:16:43', '2025-04-20 18:16:43'),
(9, 'marcar como vendido', 'web', '2025-04-20 18:16:43', '2025-04-20 18:16:43'),
(10, 'destacar anuncio', 'web', '2025-04-20 18:16:43', '2025-04-20 18:16:43'),
(11, 'subir documentos', 'web', '2025-04-20 18:16:43', '2025-04-20 18:16:43'),
(12, 'verificar documentos', 'web', '2025-04-20 18:16:43', '2025-04-20 18:16:43'),
(13, 'ver documentos', 'web', '2025-04-20 18:16:43', '2025-04-20 18:16:43'),
(14, 'buscar coches', 'web', '2025-04-20 18:16:43', '2025-04-20 18:16:43'),
(15, 'ver detalles coche', 'web', '2025-04-20 18:16:43', '2025-04-20 18:16:43'),
(16, 'marcar favorito', 'web', '2025-04-20 18:16:43', '2025-04-20 18:16:43'),
(17, 'ver favoritos', 'web', '2025-04-20 18:16:43', '2025-04-20 18:16:43'),
(18, 'eliminar favorito', 'web', '2025-04-20 18:16:43', '2025-04-20 18:16:43'),
(19, 'enviar mensaje', 'web', '2025-04-20 18:16:43', '2025-04-20 18:16:43'),
(20, 'responder mensaje', 'web', '2025-04-20 18:16:43', '2025-04-20 18:16:43'),
(21, 'gestionar mensajes', 'web', '2025-04-20 18:16:43', '2025-04-20 18:16:43'),
(22, 'eliminar mensaje', 'web', '2025-04-20 18:16:43', '2025-04-20 18:16:43'),
(23, 'valorar vendedor', 'web', '2025-04-20 18:16:43', '2025-04-20 18:16:43'),
(24, 'ver valoraciones', 'web', '2025-04-20 18:16:43', '2025-04-20 18:16:43'),
(25, 'gestionar valoraciones', 'web', '2025-04-20 18:16:43', '2025-04-20 18:16:43');

-- --------------------------------------------------------

--
-- Estructura de tabla para la tabla `personal_access_tokens`
--

CREATE TABLE `personal_access_tokens` (
  `id` bigint(20) UNSIGNED NOT NULL,
  `tokenable_type` varchar(255) NOT NULL,
  `tokenable_id` bigint(20) UNSIGNED NOT NULL,
  `name` varchar(255) NOT NULL,
  `token` varchar(64) NOT NULL,
  `abilities` text DEFAULT NULL,
  `last_used_at` timestamp NULL DEFAULT NULL,
  `expires_at` timestamp NULL DEFAULT NULL,
  `created_at` timestamp NULL DEFAULT NULL,
  `updated_at` timestamp NULL DEFAULT NULL
) ENGINE=InnoDB DEFAULT CHARSET=utf8mb4 COLLATE=utf8mb4_unicode_ci;

-- --------------------------------------------------------

--
-- Estructura de tabla para la tabla `provincias`
--

CREATE TABLE `provincias` (
  `id` bigint(20) UNSIGNED NOT NULL,
  `nombre` varchar(255) NOT NULL,
  `created_at` timestamp NULL DEFAULT NULL,
  `updated_at` timestamp NULL DEFAULT NULL
) ENGINE=InnoDB DEFAULT CHARSET=utf8mb4 COLLATE=utf8mb4_unicode_ci;

--
-- Volcado de datos para la tabla `provincias`
--

INSERT INTO `provincias` (`id`, `nombre`, `created_at`, `updated_at`) VALUES
(1, 'Albacete', '2025-04-20 18:16:45', '2025-04-20 18:16:45'),
(2, 'Alicante', '2025-04-20 18:16:45', '2025-04-20 18:16:45'),
(3, 'Almería', '2025-04-20 18:16:45', '2025-04-20 18:16:45'),
(4, 'Asturias', '2025-04-20 18:16:45', '2025-04-20 18:16:45'),
(5, 'Badajoz', '2025-04-20 18:16:45', '2025-04-20 18:16:45'),
(6, 'Baleares', '2025-04-20 18:16:45', '2025-04-20 18:16:45'),
(7, 'Barcelona', '2025-04-20 18:16:45', '2025-04-20 18:16:45'),
(8, 'Burgos', '2025-04-20 18:16:45', '2025-04-20 18:16:45'),
(9, 'Cantabria', '2025-04-20 18:16:45', '2025-04-20 18:16:45'),
(10, 'Castellón', '2025-04-20 18:16:45', '2025-04-20 18:16:45'),
(11, 'Ceuta', '2025-04-20 18:16:45', '2025-04-20 18:16:45'),
(12, 'Ciudad Real', '2025-04-20 18:16:45', '2025-04-20 18:16:45'),
(13, 'Cuenca', '2025-04-20 18:16:45', '2025-04-20 18:16:45'),
(14, 'Cáceres', '2025-04-20 18:16:45', '2025-04-20 18:16:45'),
(15, 'Cádiz', '2025-04-20 18:16:45', '2025-04-20 18:16:45'),
(16, 'Córdoba', '2025-04-20 18:16:45', '2025-04-20 18:16:45'),
(17, 'Gerona', '2025-04-20 18:16:45', '2025-04-20 18:16:45'),
(18, 'Granada', '2025-04-20 18:16:45', '2025-04-20 18:16:45'),
(19, 'Guadalajara', '2025-04-20 18:16:45', '2025-04-20 18:16:45'),
(20, 'Guipúzcoa', '2025-04-20 18:16:45', '2025-04-20 18:16:45'),
(21, 'Huelva', '2025-04-20 18:16:45', '2025-04-20 18:16:45'),
(22, 'Huesca', '2025-04-20 18:16:45', '2025-04-20 18:16:45'),
(23, 'Jaén', '2025-04-20 18:16:45', '2025-04-20 18:16:45'),
(24, 'La Coruña', '2025-04-20 18:16:45', '2025-04-20 18:16:45'),
(25, 'La Rioja', '2025-04-20 18:16:45', '2025-04-20 18:16:45'),
(26, 'Las Palmas', '2025-04-20 18:16:45', '2025-04-20 18:16:45'),
(27, 'León', '2025-04-20 18:16:45', '2025-04-20 18:16:45'),
(28, 'Lugo', '2025-04-20 18:16:45', '2025-04-20 18:16:45'),
(29, 'Lérida', '2025-04-20 18:16:45', '2025-04-20 18:16:45'),
(30, 'Madrid', '2025-04-20 18:16:45', '2025-04-20 18:16:45'),
(31, 'Melilla', '2025-04-20 18:16:45', '2025-04-20 18:16:45'),
(32, 'Murcia', '2025-04-20 18:16:45', '2025-04-20 18:16:45'),
(33, 'Málaga', '2025-04-20 18:16:45', '2025-04-20 18:16:45'),
(34, 'Navarra', '2025-04-20 18:16:45', '2025-04-20 18:16:45'),
(35, 'Orense', '2025-04-20 18:16:45', '2025-04-20 18:16:45'),
(36, 'Palencia', '2025-04-20 18:16:45', '2025-04-20 18:16:45'),
(37, 'Pontevedra', '2025-04-20 18:16:45', '2025-04-20 18:16:45'),
(38, 'Salamanca', '2025-04-20 18:16:45', '2025-04-20 18:16:45'),
(39, 'Santa Cruz de Tenerife', '2025-04-20 18:16:45', '2025-04-20 18:16:45'),
(40, 'Segovia', '2025-04-20 18:16:45', '2025-04-20 18:16:45'),
(41, 'Sevilla', '2025-04-20 18:16:45', '2025-04-20 18:16:45'),
(42, 'Soria', '2025-04-20 18:16:45', '2025-04-20 18:16:45'),
(43, 'Tarragona', '2025-04-20 18:16:45', '2025-04-20 18:16:45'),
(44, 'Teruel', '2025-04-20 18:16:45', '2025-04-20 18:16:45'),
(45, 'Toledo', '2025-04-20 18:16:45', '2025-04-20 18:16:45'),
(46, 'Valencia', '2025-04-20 18:16:45', '2025-04-20 18:16:45'),
(47, 'Valladolid', '2025-04-20 18:16:45', '2025-04-20 18:16:45'),
(48, 'Vizcaya', '2025-04-20 18:16:45', '2025-04-20 18:16:45'),
(49, 'Zamora', '2025-04-20 18:16:45', '2025-04-20 18:16:45'),
(50, 'Zaragoza', '2025-04-20 18:16:45', '2025-04-20 18:16:45'),
(51, 'Álava', '2025-04-20 18:16:45', '2025-04-20 18:16:45'),
(52, 'Ávila', '2025-04-20 18:16:45', '2025-04-20 18:16:45');

-- --------------------------------------------------------

--
-- Estructura de tabla para la tabla `roles`
--

CREATE TABLE `roles` (
  `id` bigint(20) UNSIGNED NOT NULL,
  `name` varchar(255) NOT NULL,
  `guard_name` varchar(255) NOT NULL,
  `created_at` timestamp NULL DEFAULT NULL,
  `updated_at` timestamp NULL DEFAULT NULL
) ENGINE=InnoDB DEFAULT CHARSET=utf8mb4 COLLATE=utf8mb4_unicode_ci;

--
-- Volcado de datos para la tabla `roles`
--

INSERT INTO `roles` (`id`, `name`, `guard_name`, `created_at`, `updated_at`) VALUES
(1, 'admin', 'web', '2025-04-20 18:16:43', '2025-04-20 18:16:43'),
(2, 'vendedor', 'web', '2025-04-20 18:16:43', '2025-04-20 18:16:43'),
(3, 'comprador', 'web', '2025-04-20 18:16:43', '2025-04-20 18:16:43'),
(4, 'invitado', 'web', '2025-04-20 18:16:43', '2025-04-20 18:16:43');

-- --------------------------------------------------------

--
-- Estructura de tabla para la tabla `role_has_permissions`
--

CREATE TABLE `role_has_permissions` (
  `permission_id` bigint(20) UNSIGNED NOT NULL,
  `role_id` bigint(20) UNSIGNED NOT NULL
) ENGINE=InnoDB DEFAULT CHARSET=utf8mb4 COLLATE=utf8mb4_unicode_ci;

--
-- Volcado de datos para la tabla `role_has_permissions`
--

INSERT INTO `role_has_permissions` (`permission_id`, `role_id`) VALUES
(1, 1),
(2, 1),
(3, 1),
(4, 1),
(5, 1),
(6, 1),
(6, 2),
(7, 1),
(7, 2),
(8, 1),
(8, 2),
(9, 1),
(9, 2),
(10, 1),
(11, 1),
(11, 2),
(12, 1),
(13, 1),
(13, 2),
(14, 1),
(14, 2),
(14, 3),
(14, 4),
(15, 1),
(15, 2),
(15, 3),
(15, 4),
(16, 1),
(16, 3),
(17, 1),
(17, 3),
(18, 1),
(18, 3),
(19, 1),
(19, 2),
(19, 3),
(20, 1),
(20, 2),
(20, 3),
(21, 1),
(22, 1),
(23, 1),
(23, 3),
(24, 1),
(24, 2),
(24, 3),
(25, 1);

-- --------------------------------------------------------

--
-- Estructura de tabla para la tabla `sessions`
--

CREATE TABLE `sessions` (
  `id` varchar(255) NOT NULL,
  `user_id` bigint(20) UNSIGNED DEFAULT NULL,
  `ip_address` varchar(45) DEFAULT NULL,
  `user_agent` text DEFAULT NULL,
  `payload` longtext NOT NULL,
  `last_activity` int(11) NOT NULL
) ENGINE=InnoDB DEFAULT CHARSET=utf8mb4 COLLATE=utf8mb4_unicode_ci;

-- --------------------------------------------------------

--
-- Estructura de tabla para la tabla `usuarios`
--

CREATE TABLE `usuarios` (
  `id` bigint(20) UNSIGNED NOT NULL,
  `nombre` varchar(255) NOT NULL,
  `telefono` varchar(255) DEFAULT NULL,
  `direccion` varchar(255) DEFAULT NULL,
  `email` varchar(255) NOT NULL,
  `email_verified_at` timestamp NULL DEFAULT NULL,
  `password` varchar(255) NOT NULL,
  `remember_token` varchar(100) DEFAULT NULL,
  `created_at` timestamp NULL DEFAULT NULL,
  `updated_at` timestamp NULL DEFAULT NULL,
  `deleted_at` timestamp NULL DEFAULT NULL
) ENGINE=InnoDB DEFAULT CHARSET=utf8mb4 COLLATE=utf8mb4_unicode_ci;

--
-- Volcado de datos para la tabla `usuarios`
--

INSERT INTO `usuarios` (`id`, `nombre`, `telefono`, `direccion`, `email`, `email_verified_at`, `password`, `remember_token`, `created_at`, `updated_at`, `deleted_at`) VALUES
(1, 'Administrador', '666777888', 'Calle Admin 123', 'admin@cochesplus.com', '2025-04-20 18:16:43', '$2y$12$/sQYil7P75o6l.rLnPQPMejXtz3WqoEOp1zQnmgt9u4d.KoM9gRhO', 'HPYbClX7mm', '2025-04-20 18:16:43', '2025-04-20 18:16:43', NULL),
(2, 'Usuario Multirol', '777888999', 'Calle Multirol, 123', 'multirol@example.com', '2025-04-20 18:16:44', '$2y$12$rayvavIIbNvNbg7yWm4Cneejbu/gP0VYMVuDhgGDWWdXC7TsYVV7u', 'grBwlAEVIo', '2025-04-20 18:16:44', '2025-04-20 18:16:44', NULL);

-- --------------------------------------------------------

--
-- Estructura de tabla para la tabla `valoraciones`
--

CREATE TABLE `valoraciones` (
  `id` bigint(20) UNSIGNED NOT NULL,
  `id_compra` bigint(20) UNSIGNED NOT NULL,
  `puntuacion` int(10) UNSIGNED NOT NULL,
  `comentario` text DEFAULT NULL,
  `created_at` timestamp NULL DEFAULT NULL,
  `updated_at` timestamp NULL DEFAULT NULL
) ENGINE=InnoDB DEFAULT CHARSET=utf8mb4 COLLATE=utf8mb4_unicode_ci;

--
-- Índices para tablas volcadas
--

--
-- Indices de la tabla `cache`
--
ALTER TABLE `cache`
  ADD PRIMARY KEY (`key`);

--
-- Indices de la tabla `cache_locks`
--
ALTER TABLE `cache_locks`
  ADD PRIMARY KEY (`key`);

--
-- Indices de la tabla `categorias`
--
ALTER TABLE `categorias`
  ADD PRIMARY KEY (`id`),
  ADD UNIQUE KEY `categorias_nombre_unique` (`nombre`);

--
-- Indices de la tabla `coches`
--
ALTER TABLE `coches`
  ADD PRIMARY KEY (`id`),
  ADD KEY `coches_id_usuario_foreign` (`id_usuario`),
  ADD KEY `coches_id_categoria_foreign` (`id_categoria`),
  ADD KEY `coches_id_marca_foreign` (`id_marca`),
  ADD KEY `coches_id_modelo_foreign` (`id_modelo`),
  ADD KEY `coches_id_provincia_foreign` (`id_provincia`),
  ADD KEY `coches_precio_index` (`precio`),
  ADD KEY `coches_kilometraje_index` (`kilometraje`),
  ADD KEY `coches_anio_index` (`anio`);

--
-- Indices de la tabla `compras`
--
ALTER TABLE `compras`
  ADD PRIMARY KEY (`id`),
  ADD KEY `compras_id_coche_foreign` (`id_coche`),
  ADD KEY `compras_id_comprador_foreign` (`id_comprador`),
  ADD KEY `compras_id_vendedor_foreign` (`id_vendedor`);

--
-- Indices de la tabla `conversaciones`
--
ALTER TABLE `conversaciones`
  ADD PRIMARY KEY (`id`),
  ADD UNIQUE KEY `conversaciones_id_coche_id_comprador_id_vendedor_unique` (`id_coche`,`id_comprador`,`id_vendedor`),
  ADD KEY `conversaciones_id_comprador_foreign` (`id_comprador`),
  ADD KEY `conversaciones_id_vendedor_foreign` (`id_vendedor`);

--
-- Indices de la tabla `documentos`
--
ALTER TABLE `documentos`
  ADD PRIMARY KEY (`id`),
  ADD KEY `documentos_id_coche_foreign` (`id_coche`);

--
-- Indices de la tabla `failed_jobs`
--
ALTER TABLE `failed_jobs`
  ADD PRIMARY KEY (`id`),
  ADD UNIQUE KEY `failed_jobs_uuid_unique` (`uuid`);

--
-- Indices de la tabla `faqs`
--
ALTER TABLE `faqs`
  ADD PRIMARY KEY (`id`);

--
-- Indices de la tabla `favoritos`
--
ALTER TABLE `favoritos`
  ADD PRIMARY KEY (`id`),
  ADD UNIQUE KEY `favoritos_id_comprador_id_coche_unique` (`id_comprador`,`id_coche`),
  ADD KEY `favoritos_id_coche_foreign` (`id_coche`);

--
-- Indices de la tabla `imagenes`
--
ALTER TABLE `imagenes`
  ADD PRIMARY KEY (`id`),
  ADD KEY `imagenes_id_coche_foreign` (`id_coche`);

--
-- Indices de la tabla `jobs`
--
ALTER TABLE `jobs`
  ADD PRIMARY KEY (`id`),
  ADD KEY `jobs_queue_index` (`queue`);

--
-- Indices de la tabla `job_batches`
--
ALTER TABLE `job_batches`
  ADD PRIMARY KEY (`id`);

--
-- Indices de la tabla `marcas`
--
ALTER TABLE `marcas`
  ADD PRIMARY KEY (`id`),
  ADD UNIQUE KEY `marcas_nombre_unique` (`nombre`);

--
-- Indices de la tabla `mensajes`
--
ALTER TABLE `mensajes`
  ADD PRIMARY KEY (`id`),
  ADD KEY `mensajes_id_remitente_foreign` (`id_remitente`),
  ADD KEY `mensajes_id_conversacion_index` (`id_conversacion`);

--
-- Indices de la tabla `migrations`
--
ALTER TABLE `migrations`
  ADD PRIMARY KEY (`id`);

--
-- Indices de la tabla `modelos`
--
ALTER TABLE `modelos`
  ADD PRIMARY KEY (`id`),
  ADD UNIQUE KEY `modelos_id_marca_nombre_unique` (`id_marca`,`nombre`);

--
-- Indices de la tabla `model_has_permissions`
--
ALTER TABLE `model_has_permissions`
  ADD PRIMARY KEY (`permission_id`,`model_id`,`model_type`),
  ADD KEY `model_has_permissions_model_id_model_type_index` (`model_id`,`model_type`);

--
-- Indices de la tabla `model_has_roles`
--
ALTER TABLE `model_has_roles`
  ADD PRIMARY KEY (`role_id`,`model_id`,`model_type`),
  ADD KEY `model_has_roles_model_id_model_type_index` (`model_id`,`model_type`);

--
-- Indices de la tabla `password_reset_tokens`
--
ALTER TABLE `password_reset_tokens`
  ADD PRIMARY KEY (`email`);

--
-- Indices de la tabla `permissions`
--
ALTER TABLE `permissions`
  ADD PRIMARY KEY (`id`),
  ADD UNIQUE KEY `permissions_name_guard_name_unique` (`name`,`guard_name`);

--
-- Indices de la tabla `personal_access_tokens`
--
ALTER TABLE `personal_access_tokens`
  ADD PRIMARY KEY (`id`),
  ADD UNIQUE KEY `personal_access_tokens_token_unique` (`token`),
  ADD KEY `personal_access_tokens_tokenable_type_tokenable_id_index` (`tokenable_type`,`tokenable_id`);

--
-- Indices de la tabla `provincias`
--
ALTER TABLE `provincias`
  ADD PRIMARY KEY (`id`),
  ADD UNIQUE KEY `provincias_nombre_unique` (`nombre`);

--
-- Indices de la tabla `roles`
--
ALTER TABLE `roles`
  ADD PRIMARY KEY (`id`),
  ADD UNIQUE KEY `roles_name_guard_name_unique` (`name`,`guard_name`);

--
-- Indices de la tabla `role_has_permissions`
--
ALTER TABLE `role_has_permissions`
  ADD PRIMARY KEY (`permission_id`,`role_id`),
  ADD KEY `role_has_permissions_role_id_foreign` (`role_id`);

--
-- Indices de la tabla `sessions`
--
ALTER TABLE `sessions`
  ADD PRIMARY KEY (`id`),
  ADD KEY `sessions_user_id_index` (`user_id`),
  ADD KEY `sessions_last_activity_index` (`last_activity`);

--
-- Indices de la tabla `usuarios`
--
ALTER TABLE `usuarios`
  ADD PRIMARY KEY (`id`),
  ADD UNIQUE KEY `usuarios_email_unique` (`email`);

--
-- Indices de la tabla `valoraciones`
--
ALTER TABLE `valoraciones`
  ADD PRIMARY KEY (`id`),
  ADD KEY `valoraciones_id_compra_foreign` (`id_compra`);

--
-- AUTO_INCREMENT de las tablas volcadas
--

--
-- AUTO_INCREMENT de la tabla `categorias`
--
ALTER TABLE `categorias`
  MODIFY `id` bigint(20) UNSIGNED NOT NULL AUTO_INCREMENT, AUTO_INCREMENT=21;

--
-- AUTO_INCREMENT de la tabla `coches`
--
ALTER TABLE `coches`
  MODIFY `id` bigint(20) UNSIGNED NOT NULL AUTO_INCREMENT;

--
-- AUTO_INCREMENT de la tabla `compras`
--
ALTER TABLE `compras`
  MODIFY `id` bigint(20) UNSIGNED NOT NULL AUTO_INCREMENT;

--
-- AUTO_INCREMENT de la tabla `conversaciones`
--
ALTER TABLE `conversaciones`
  MODIFY `id` bigint(20) UNSIGNED NOT NULL AUTO_INCREMENT;

--
-- AUTO_INCREMENT de la tabla `documentos`
--
ALTER TABLE `documentos`
  MODIFY `id` bigint(20) UNSIGNED NOT NULL AUTO_INCREMENT;

--
-- AUTO_INCREMENT de la tabla `failed_jobs`
--
ALTER TABLE `failed_jobs`
  MODIFY `id` bigint(20) UNSIGNED NOT NULL AUTO_INCREMENT;

--
-- AUTO_INCREMENT de la tabla `faqs`
--
ALTER TABLE `faqs`
  MODIFY `id` bigint(20) UNSIGNED NOT NULL AUTO_INCREMENT, AUTO_INCREMENT=6;

--
-- AUTO_INCREMENT de la tabla `favoritos`
--
ALTER TABLE `favoritos`
  MODIFY `id` bigint(20) UNSIGNED NOT NULL AUTO_INCREMENT;

--
-- AUTO_INCREMENT de la tabla `imagenes`
--
ALTER TABLE `imagenes`
  MODIFY `id` bigint(20) UNSIGNED NOT NULL AUTO_INCREMENT;

--
-- AUTO_INCREMENT de la tabla `jobs`
--
ALTER TABLE `jobs`
  MODIFY `id` bigint(20) UNSIGNED NOT NULL AUTO_INCREMENT;

--
-- AUTO_INCREMENT de la tabla `marcas`
--
ALTER TABLE `marcas`
  MODIFY `id` bigint(20) UNSIGNED NOT NULL AUTO_INCREMENT, AUTO_INCREMENT=32;

--
-- AUTO_INCREMENT de la tabla `mensajes`
--
ALTER TABLE `mensajes`
  MODIFY `id` bigint(20) UNSIGNED NOT NULL AUTO_INCREMENT;

--
-- AUTO_INCREMENT de la tabla `migrations`
--
ALTER TABLE `migrations`
  MODIFY `id` int(10) UNSIGNED NOT NULL AUTO_INCREMENT, AUTO_INCREMENT=19;

--
-- AUTO_INCREMENT de la tabla `modelos`
--
ALTER TABLE `modelos`
  MODIFY `id` bigint(20) UNSIGNED NOT NULL AUTO_INCREMENT, AUTO_INCREMENT=1791;

--
-- AUTO_INCREMENT de la tabla `permissions`
--
ALTER TABLE `permissions`
  MODIFY `id` bigint(20) UNSIGNED NOT NULL AUTO_INCREMENT, AUTO_INCREMENT=26;

--
-- AUTO_INCREMENT de la tabla `personal_access_tokens`
--
ALTER TABLE `personal_access_tokens`
  MODIFY `id` bigint(20) UNSIGNED NOT NULL AUTO_INCREMENT;

--
-- AUTO_INCREMENT de la tabla `provincias`
--
ALTER TABLE `provincias`
  MODIFY `id` bigint(20) UNSIGNED NOT NULL AUTO_INCREMENT, AUTO_INCREMENT=53;

--
-- AUTO_INCREMENT de la tabla `roles`
--
ALTER TABLE `roles`
  MODIFY `id` bigint(20) UNSIGNED NOT NULL AUTO_INCREMENT, AUTO_INCREMENT=5;

--
-- AUTO_INCREMENT de la tabla `usuarios`
--
ALTER TABLE `usuarios`
  MODIFY `id` bigint(20) UNSIGNED NOT NULL AUTO_INCREMENT, AUTO_INCREMENT=3;

--
-- AUTO_INCREMENT de la tabla `valoraciones`
--
ALTER TABLE `valoraciones`
  MODIFY `id` bigint(20) UNSIGNED NOT NULL AUTO_INCREMENT;

--
-- Restricciones para tablas volcadas
--

--
-- Filtros para la tabla `coches`
--
ALTER TABLE `coches`
  ADD CONSTRAINT `coches_id_categoria_foreign` FOREIGN KEY (`id_categoria`) REFERENCES `categorias` (`id`),
  ADD CONSTRAINT `coches_id_marca_foreign` FOREIGN KEY (`id_marca`) REFERENCES `marcas` (`id`),
  ADD CONSTRAINT `coches_id_modelo_foreign` FOREIGN KEY (`id_modelo`) REFERENCES `modelos` (`id`),
  ADD CONSTRAINT `coches_id_provincia_foreign` FOREIGN KEY (`id_provincia`) REFERENCES `provincias` (`id`),
  ADD CONSTRAINT `coches_id_usuario_foreign` FOREIGN KEY (`id_usuario`) REFERENCES `usuarios` (`id`);

--
-- Filtros para la tabla `compras`
--
ALTER TABLE `compras`
  ADD CONSTRAINT `compras_id_coche_foreign` FOREIGN KEY (`id_coche`) REFERENCES `coches` (`id`),
  ADD CONSTRAINT `compras_id_comprador_foreign` FOREIGN KEY (`id_comprador`) REFERENCES `usuarios` (`id`),
  ADD CONSTRAINT `compras_id_vendedor_foreign` FOREIGN KEY (`id_vendedor`) REFERENCES `usuarios` (`id`);

--
-- Filtros para la tabla `conversaciones`
--
ALTER TABLE `conversaciones`
  ADD CONSTRAINT `conversaciones_id_coche_foreign` FOREIGN KEY (`id_coche`) REFERENCES `coches` (`id`),
  ADD CONSTRAINT `conversaciones_id_comprador_foreign` FOREIGN KEY (`id_comprador`) REFERENCES `usuarios` (`id`),
  ADD CONSTRAINT `conversaciones_id_vendedor_foreign` FOREIGN KEY (`id_vendedor`) REFERENCES `usuarios` (`id`);

--
-- Filtros para la tabla `documentos`
--
ALTER TABLE `documentos`
  ADD CONSTRAINT `documentos_id_coche_foreign` FOREIGN KEY (`id_coche`) REFERENCES `coches` (`id`) ON DELETE CASCADE;

--
-- Filtros para la tabla `favoritos`
--
ALTER TABLE `favoritos`
  ADD CONSTRAINT `favoritos_id_coche_foreign` FOREIGN KEY (`id_coche`) REFERENCES `coches` (`id`) ON DELETE CASCADE,
  ADD CONSTRAINT `favoritos_id_comprador_foreign` FOREIGN KEY (`id_comprador`) REFERENCES `usuarios` (`id`);

--
-- Filtros para la tabla `imagenes`
--
ALTER TABLE `imagenes`
  ADD CONSTRAINT `imagenes_id_coche_foreign` FOREIGN KEY (`id_coche`) REFERENCES `coches` (`id`) ON DELETE CASCADE;

--
-- Filtros para la tabla `mensajes`
--
ALTER TABLE `mensajes`
  ADD CONSTRAINT `mensajes_id_conversacion_foreign` FOREIGN KEY (`id_conversacion`) REFERENCES `conversaciones` (`id`) ON DELETE CASCADE,
  ADD CONSTRAINT `mensajes_id_remitente_foreign` FOREIGN KEY (`id_remitente`) REFERENCES `usuarios` (`id`);

--
-- Filtros para la tabla `modelos`
--
ALTER TABLE `modelos`
  ADD CONSTRAINT `modelos_id_marca_foreign` FOREIGN KEY (`id_marca`) REFERENCES `marcas` (`id`);

--
-- Filtros para la tabla `model_has_permissions`
--
ALTER TABLE `model_has_permissions`
  ADD CONSTRAINT `model_has_permissions_permission_id_foreign` FOREIGN KEY (`permission_id`) REFERENCES `permissions` (`id`) ON DELETE CASCADE;

--
-- Filtros para la tabla `model_has_roles`
--
ALTER TABLE `model_has_roles`
  ADD CONSTRAINT `model_has_roles_role_id_foreign` FOREIGN KEY (`role_id`) REFERENCES `roles` (`id`) ON DELETE CASCADE;

--
-- Filtros para la tabla `role_has_permissions`
--
ALTER TABLE `role_has_permissions`
  ADD CONSTRAINT `role_has_permissions_permission_id_foreign` FOREIGN KEY (`permission_id`) REFERENCES `permissions` (`id`) ON DELETE CASCADE,
  ADD CONSTRAINT `role_has_permissions_role_id_foreign` FOREIGN KEY (`role_id`) REFERENCES `roles` (`id`) ON DELETE CASCADE;

--
-- Filtros para la tabla `valoraciones`
--
ALTER TABLE `valoraciones`
  ADD CONSTRAINT `valoraciones_id_compra_foreign` FOREIGN KEY (`id_compra`) REFERENCES `compras` (`id`);
COMMIT;

/*!40101 SET CHARACTER_SET_CLIENT=@OLD_CHARACTER_SET_CLIENT */;
/*!40101 SET CHARACTER_SET_RESULTS=@OLD_CHARACTER_SET_RESULTS */;
/*!40101 SET COLLATION_CONNECTION=@OLD_COLLATION_CONNECTION */;
